Comments,HateSpeech
খানকির পোলাদের কঠোর ভাবে শান্তি দেওয়া হউক ,1
অনেক ভালো লাগে ভাই আপনার ভিডিও গুলো ,0
তোর মত নামধারী মুসলমান মক্কা যাইয়া হজ্জ করলেই হতো না,0
অসুস্থ মস্তিস্কের মানুষ,1
"বাংলাদেশে রিকশাওয়ালা আর সাংবাদিক দুইটাই অনেক বাড়ছে, রিকশাওয়ালা যাত্রী পায়না. সাংবাদিক খবর পায়না",0
কুত্তার বাচ্চার লাগবে মনে হয় ,1
শেখ হাসিনার যে বদনা ব্যবহার করত সেই বদনাটা আপনার জন্য রাখা আছে,0
চশমাটা যদি খুলে প্লেটের মধ্যে পড়ে,0
মানুষকে নিয়ে হাসাটা ঠিক না কিন্তু আমি হাসলে অন্য বিষয়,0
চুর বাটপার যখন নেতা হয় ,1
বর্তমান অবস্থা ভিক্ষা করতে আর গল্প বলতে টাকা লাগে না,0
বাল ছিরু আইছে মডেল করতে।,0
সালি কয় কি,1
পৃথিবীর সর্ব শ্রেষ্ঠ ধর্ম আমাদের ইসলাম ধর্ম। আল কোরআন সর্ব শ্রেষ্ঠ ধর্ম গ্রন্থ।,0
তারেক জিয়ার কাছে আছে লিবিসটিক,0
শয়তান গুলো সব একসাথে। মাঝ খানে মাসুম বাচ্চাটা অসহায়।,1
"এরে তো জুতা ও গ্রহণ করবে না, কতটা খারাপ মেয়ে হলে এমন করে, কয়টা জীবন নষ্ট করছে এই মেয়ে টা,",1
মেয়েটা তো পুরো বিশ্বাস মেয়েটা তো পুরো কুকুর চুদা,1
তোর পুটকির ভিতর বাস দেওয়া হবে।,1
অনেক সুন্দর লাগলো। অনেক দূর যাবে তুমি,0
ভালবাসা না থাকলে বাচ্চা গুলো কেমনে হইল,0
অভিনন্দন আবু হাসানাত আব্দুল্লাহ কে ,0
নিজের মেশিনের নিরাপত্তি দিতে পারে না যে পুলিশ সে জনগণের নিরাপত্তা দিবে কিভাবে প্যান্ট খুলে ধুর,1
তোর বারো বাতারি জামাইকে হিজড়াদের মতো দেখায় কে ,1
"বাংলাদেশের গর্ব, আমেরিকায় বিশিষ্ট চামড়া ব্যাবসায়ী,",0
মাশাআল্লাহ অসাধারণ একটি পূর্ব দেখে খুব ভালো লাগলো,0
খাচ্চর বেডি,1
প্রথমত গান টা গোয়া মেরে দিলো,1
গরুর সাথে মানুষ গরু বেশি ছিলো,1
খুলতে খুলতে একদিন লেঙ্গটা হয়ে যাবে।,1
পাবলিক এগুলো খাচ্ছে হায়ে জাতি আমরা ,1
এত বড় দামরা নাকি এখনো মায়ের কোলে ঘুমায় ,1
"সেইম জিনিস টা আমার ও ফিল হয়, শুধু  দেখি নিশ্বাস নিচ্ছে কি-না এই মুহুর্তে বাবাকে নিয়ে বেশি টেনশন হয়।",0
নারী এক পুরুষে আসক্ত হতে পারেনা তবে সব নারী না,1
আমরা আবার মানুষ হলাম কই,0
ধর্ষন এর বিচার হোক প্রকাশ্যে মৃত্যুদন্ড,1
শালারা কি মাল খেয়ে মাথায় আসার পর নিউজ উপস্থাপন করে,1
ঠিক বলেছেন আপু মনের একখান কথা কইছেন খুব খুব ভালো লাগলো,0
ব্রা ও নিয়ে গেঁছে ,0
স্বপ্নের চাবি হারিয়ে বন্দি জীবন অন্ধকারে।,0
এমন বউ হলে আমিও খাইতাম,0
হোগা লাল করে দিলো ,1
নামায পড়ে কপালে দাগ ফেলে দিছে। ভন্ড লোক একটা। কঠিন শাস্তি হওয়া উচিত,1
বস্তির লোক আসছে মনে হয়  মিলছে আন্দাজ,0
খানকির পোলা এক,1
সত্যিই হাসতে হাসতে আমার পেট ব্যথা হয়ে গেছে অসাধারণ ট্যালেন্ট আপু আপনার,0
দালালের বাচ্চা বলে কি,1
আমার সোনার বাল,1
"মাগীর পোলারা কি বাল খেলে,",1
এটাকে বলা হয় তেল মারানো,0
ভাই বাইক এক্সিডেন্ট মারাত্মক ভাইয়া আমিও করছি ভাই আমিও বুঝি ,0
খুবই সুন্দর একটা ভিডিও। খুব ভালো লাগলো ,0
পাইলসের সমস্যা আছে? থাকলে ঠিক হয়ে যাবে। গরম ডিম থেরাপি কনফার্ম।,0
তোমাদের ভিডিও এবং কথা অনেক সুন্দর লাগে কলিজার ভাইয়া,0
"পরিশেষে বলি, ছোট ভাই টাকা ইনকাম করো! মন ভেঙো না, নিজেকে শক্ত করো। এরকম আরো অনেক আসবে।।",0
ফিল্ডার মারানি ,1
কাপড় খুললে যদি সাহসী হয় তাহলে পশুরা সবথেকে বেশি সাহসী ,0
রতনে রতন চেনে আর জাউরায় জাউরা,0
দালাল!,1
অসাধারণ লাকছে ভাই এই দৃশ্য টা আলমস ভাই,0
এদেশে আমাদের মা বোন নিরাপত্তা নেই,1
আরো ভালো হয় যদি হকারি করত,0
বালা করছে এক নারি হয় না তোর খানকির ছেলে,1
দালাল মাদারচুদ,1
কেউ বাকি থাকল না দালালি ছারা থাকতে,1
"আপনি ও একটা বিয়াদব, নতুন নাটক করতে শুরু করছে",1
এই টুকু লোভ সালাতে পারিস না দেশ কি করে চালাবি?,0
এর মত বোকাচোদার জন্ম হয় কি করে ,1
"সুন্দর জামা, নতুন ওরনা এত সাজিয়ে গুছিয়ে কেম্নে",0
মুখে একটু ক্রিম কখন দিছি ভুলে গেছি,0
ভাই এই বেয়াদব মহিলাটারে আইনের আওতায় আনেন,1
ভয়ংকর এক নির্লজ্জ প্রজন্মের উদয় হয়েছে যাদের ভবিষ্যৎ অন্ধকার,1
"আমাদের গ্রাম্য ভাষা একটা কথা আছে, কোথায় রাজরানী আর কোথায় চুতমারানি,",1
এই বেয়াদপ টা রে শো তে আনার কি দরকার ছিল,1
মানুষের বাচ্চা কি ছাত্র লিগ,0
ভাবতেও কষ্ট লাগে কি পরিমাণ নির্যাতনের শিকার হয়েছে কষ্টে বুক ফেটে যায়,0
বিবাহ ছাড়া এক সাথে থাকে আবার প্রকাশ্যে বলে,1
এইগুলা তে হবে,0
ধরা পড়ছে রে লুচ্চা বদমাইশ,1
বুঝছি আস্তে আস্তে সকল নিউজ চ্যানেল ব্লক করা শুরু করতে হবে,1
"সবার উপরে মানুষ সত্য তাহার উপরে নাই, মানুষ এখন পশুর চাইতেও খারাপ",1
ঐ শালাকে আইনের আওতায় আনা দরকার ছিল আপনারা কি বলেন সবাই?,1
ডিম থেরাপি দিয়ে যান ভালো করে তাহলে মনে রাখবে সেনাবাহিনীর গায়ে হাত দেওয়া,1
"মজার ছলে বাস্তবতা তুলে ধরেছো খুব ভালো লাগলো অসাধারণ ভিডিও,  তোমার জন্য অনেক অনেক ভালোবাসা রইলো পাশে আছি সবসময় পাশে থাকবো",0
"একটা পিক দাও, দেখেই ডিলিট করে দেবো",1
এই মহিলাকে দেখলেই আমার রাগ উঠে কেন জানি না,0
এই মহিলার চুলের মুঠি ধরে চেয়ার থেকে নামানো উচিত ,1
তোমরা পরকীয়া করলে তোমাদের টা কি করা উচিত তোমাদের টা মাঝখান থেকে ফেরে দেব ,1
মাল আউট হয়ে গেছে এজন্য থেমে গেছি,1
ভাদাইমার বাচ্চা ,1
"জনস্বার্থে প্রচারিত, ধিক্কার জানাই কনডম এবং মেডিসিন কোম্পানিকে এত পরীক্ষার পরেও কিভাবে দুর্ঘটনা ঘটে.",1
বাকি সবই বোকা চোদা।,1
সবচেয়ে ভয়ংকর জিনিস হলো ভুল মানুষের প্রতি মায়ায় পড়ে যাওয়া!,0
এতের কথা গুলো শুনি আমার পাদ আসচিল,0
চোপ একদম চোপ কতা কম ,0
সালার পোত কি বলছ,1
সালার পোত কি নাফিত,1
নারী মানে ষড়যন্ত্র।,1
যুগে যুগে এরাই ধর্মকে পুজি করে চুরি করে,0
কুত্তার গু খা,1
দুই জনকে এলাকাবাসী মিলে জোতার মালা দেয়া উচিদ। ,1
কুত্তার বাচ্চা ফুটফুটে সুন্দর ,0
ক্ষমতার লোভে পাগলা কুত্তা হয়ে গেছে,1
এই বেটি একটু বেশি বাল পাকনামি করছে,1
ভাই তারে কেউ একটু চুদে তো পাগল হইয়া যাবে নয়লে,1
শালা ইডিয়েট টা ভালো করে করতে পারিস নাই,1
"একে বলে জাত শিল্পী আর ফারিনের খালি গলায় গান শুনলে মনে হয়, হানিফ সংকেত ধরে এনে শিল্পী বানিয়ে দিলো।",0
সরিল দেখিয়ে আয় করাটাকে বলে নোংরামি,0
"আমি এতো সহজে হাপাই নাহ, ঠাপিয়ে ঠাপিয়ে, ক্লান্ত করে দেই",1
এই মহিলা আস্তা বড় বেয়াদপ।,1
"মানুষে বলে বন্ধু, আমি বলি ভাই ",0
"অত্যন্ত সুন্দর,",0
আপনার প্রত্যেকটা ভিডিও আমার অনেক ভালো লাগে সব সময় দেখি আপনার জন্য দোয়া রইল সবার জন্য রইল শুভকামনা খুব সুন্দর কালেকশন প্রিয় আপুভিডিওটা অনেক অনেক সুন্দর হয়েছে অবিরাম ভালোবাসা দিয়ে গেলাম আমি আপনার পাশে আছি,0
নাটকের নাম কাটুস কুটুস,0
কিছুদিন আগে উনি নিজেই শাকিব খান কে ধুয়ে দিয়েছিলেন আর আজ উনিই উল্টো কথা বলতেছেন.,0
বারো ভাতারি গালাগালির কাজ করছিস তাই জনগন তোকে গালাগালি করছে,1
ভালো লাগার মানুষ অসংখ্য হতে পারে! কিন্তু ভালোবাসার মানুষ একজনই হয়!,0
ছোট বাচ্চাকে এতো বড় গালি কেমনে দেয় মানুষ! ,0
তোমার পুটকিটা এইরকম টাইট আছে নাকি নাকি ফাক হয়েছে,0
ব্লাউজ পরলে সুন্দর লাগতো বেশি,0
"এগুলো দেখলেই খাড়া হয়ে যায় শরীরের লোম,",1
রাজার বাড়ির এই হাল কেন? পরিচালকের কি অর্থ কষ্ট ছিল,0
অসভ্যর মত ট্রল বন্ধ করা উচিত,1
আগে ছিলো চোরের মতো দেখতে।,0
এ কাজটি ভালো লাগলো,0
জামা কাপড় নাই? বেশরম মহিলা ,1
খুব সুন্দর বিনোদন আমাদেরকে উপহার দেওয়ার জন্য ধন্যবাদ বাস্তব জীবনে এরকম হয় খুব ভালো লাগলো ,0
তুমি কতো বালো গো কুটনি বুরি,1
একটু থামেন অনেক তামাশা হয়েছে বেহায়া মেয়ে,1
ঠিকি আছে জতো সব বুকাচুদা লোক,1
খুবই সুন্দর মজার একটি ভিডিও হয়েছে,0
"বাংলার গৌরব। এই সাফল্যের পিছনে ত্যাগ, তিতিক্ষা, শ্রম, মেধা, কঠোর সাধনার সুফল।সারা ভারত বর্ষ তথা ভারতীয় উপমহাদেশের কোটি কোটি শ্রোতা কে কন্ঠের জাদুতে মুগ্ধ করেছেন তিঁনি। যথাযোগ্য সন্মানে ভূষিত করায় অভিনন্দন ও আশীর্বাদ জানাচ্ছি সকলকে। মা সরস্বতীর অধিষ্ঠিন হোক কন্ঠে। অভিনন্দন ও আশীর্বাদ নিরন্তর।",0
কলম্বিয়া ব্রাজিলকে কলঙ্কিত করে ছাড়লো ,1
পুক্কিমারা সারা আকাশ ভরা তারা ,0
বাটপারের ঘরের বাটপার,1
"কত নির্মম বিকৃত মানসিকতা, এর জবাব একদিন পাবে",1
এই সব দুই একটা খানকির কারনে গুটা নারী জাতি কলংকিত হয়।,1
নির্লজ্জতার সীমা পেরিয়ে গেছে,0
বেয়াদব ,1
খানকির পোলাকে  ডিম থেরাপি দেওয়া হোক।।,1
কোকিল তোর কালো পদ দেখে কোকিল ডাকা ভুলে যাবে,0
বুবলি তার স্বামীর কথা বলেছে হিন্দু অপুর সমস্যা কোথায়,0
"গিট্টু লাগারে লাগারে লাগা গিট্টু লাগারে লাগারে লাগা লাগা, লাগা, লাগা, লাগা.",0
অভদ্র আর অশিক্ষিত সমাজ হইলে যা হয়,1
সবার কপালে এমন বৌ থাকুক,0
মোস্তাকের নুনু এতো টুকু,1
হাইরে সাংবাদিক গুলা জিবনেও ভালো হবে না ,0
তরার মত মানুষ রা মনুষ্য জাতির কলঙ্ক। তরা পশুর চেয়েও অধম।,1
অসভ্যটাকে আইনের আওতায় আনা হোক ,1
গরুর হাটে আরেক গরু গেছে,0
অসম্ভব বিশ্বাসঘাতক স্বৈরাচার,1
চোরের ঘরের চোর,1
এটা কোনো পোশাক হয় ,1
টুকাই লীগের দিন শেষ,1
"অমানুষের বাচ্চারা, মাদারচোত দের উলংগ করে পুরা বাংলাদেশ ঘুরা উচিত",1
আবার আকাম করতে পারো এই জন্যই সবাই সহযোগিতা করবে,1
সবাই সুন্দর মাঝেরটা একটু বেশি সুন্দর,0
দুরু খানকির ছেলে,1
এই খানকির ছেলে কুলাঙ্গারের বাচ্চা হল যুব সমাজ ধ্বংসের মূল কারিগর ,1
কেন বরিশালের মানুষ কি আপনাকে পুটকি মারছে ,1
গুতা খান,1
এক শাড়ি বোদার মধ্যে ঘুগডুকি,1
"বিয়ে ছাড়াই, ডেইলি হানিমুন হলে কারী বা বিয়ে করতে ভালো লাগে বলুন",0
হালাই কামডা করলো কি ,1
"এই মাদারচোদ গুলা আবার সেলিব্রিটি ভাব নেয়, খানকি",1
তোরা দুইজন সোনার মাথা খা,0
আরে খানকির পুএ,1
তোমার মায়ার আটকে গেছি প্রিয়! এখন তুমি ছাড়া আর কাউকে ভালো লাগে না!,0
বন্ধ করা হোক কওমে লুতের ধর্ষণের বাতিঘর,1
মাদার ফাকার কুত্তার বাচ্চা ,1
মতি; ছাগলের নেশায় সব হারাইলাম আমি ,0
সাউবাদি গরম ডিম ঢুকাইব অপেক্ষা কর,1
আপনার কথা গুলো সত্যি ভাববার মতো।,0
মতামতের মারে চুদি ,1
এমন চোর দের নিয়ে অনেকে গর্ব ও করে.,0
আতানা তোমায় চোদি,1
আজকের ভিডিওটা অনেক সুন্দর হয়েছে আপু আমি তো হাসতে হাসতে শেষ,0
এই শালারে ও বাদ দেওয়া হোক,1
কত লিটার দূধ দেয়,0
আমার তো ৭ বছরের রিলেশন ছিলো কিন্তু শখের নারী আজ অন্য কারো ,0
আমাদের এখানে বোকাচোদা বলে,1
"মহান রব সবাইকে হেফাজত করুক, আল্লাহ যেন বাচ্চাটাকে সুস্থতা দান করুক",0
ভালো হয়েছে এখনো ঘুমাই নাই তাইলে বিনোদন গুলো মিস করতাম ,0
গান্জা দিনে কয়বার খান?,0
তাকে আলীপোর চিড়িয়াখানার খাঁচায় রাখুন টিআরপির চেয়েও বেশী লাভ হবে,0
কেউ যদি আমাকে হারানোর ভয় পেতো! তাকে আমার সবটা দিয়ে আগলে রাখবো! ইনশাআল্লাহ ,0
আমি এক নাটকের সংলাপে নায়ক যার প্রধান অভিনয়টাই দুখের বিলাসিতা,0
গানের চয়েজ গুলো সুন্দর আছে ,0
"মন টা চাই একটা রড রে গরম কইর ঠান্ডা অংশ পোষ্ট কারীর পিছন দিয়া ডুকাই দি আর গরম অংশ বাহিরে দিয়া রাখি, যাতে হাত পোড়ার ভয়ে রড টাই বের করতে না পারে ",1
"এ জন্য গযব নাযিল হচ্ছে, নর্তকী হওয়ার জন্য ইন্সপাইয়ার করছে। স্টুপিড।",1
নষ্ট মেয়ে,1
আগেরজন আছিল রাজরানী! কিন্তু এইডা দেহি চুতমারানি,1
এরকম আনন্দ শুধু এরকম বাচ্চার মায়েরা ছাড়া অন্য কেউ বুঝবে না।,0
"তাই তো করলেন,",0
বরফ দেখাও না অন্য কিছু। তোমার স্বামী কি হিজড়া।,0
ঘৃণা জানানোর ভাষা নেই। এরা দেশ চালাতে চায়,0
কুত্তা বাহিনী,1
কি আর বলব মেয়েরাই তো মেয়েদের শত্রু ,1
"নিজের দেশের মানুষ সম্মান না দিলেও অন্য দেশের মানুষ ঠিক ই সম্মান দিতে জানে,,,!",0
তার ব্রেন নিঃসন্দেহে পুটকিতে।,1
বেষ্ট চুনা অফ দা ইয়ার ,0
বেয়াদব একটা মেয়ে,1
এইজন্যই আমার দাদায় বলতো চোদার উপরে কোন ঔষধ নাই,1
টাকলার মাথার মধ্যে কেউ হাগু দেয় না কেন,1
পাডার ঘরের পাডা,1
খাটের খেলা শেষ ,0
বিচিতে ঘুঘুর বেঁধে এমন পোদ মারবো পাড়ার লোক মনে করবে কীর্তন হচ্ছে।,1
সব সময় তিনি বিরোধীদের গালাগালি করতেন।,0
তোমাকে এক নজর দেখার জন্য মনটা সবসময় ছটফট করে আর যখন তোমার চোখ দুটো দেখি হয় সারাক্ষণ দেখেই যাই! ,0
সেই ব্যক্তি টি এসব বোঝে না ভাইয়া ,0
শিখা দৌলদিয়া ঘাটের ঐ পাড়ার সর্দারনির মেয়ের মত লাগে।,0
"যাদের লজ্জা নেই তাদের কোন কষ্ট নেই, শালা মূর্খ অধিনায়ক।",1
কিন্তু বর্তমান অন ফায়ার ,0
"হালার পুত,",1
ইস আস্তে কামড় দিতে বলছিলা,0
যদি কোন বালের মুভি হয়ে থাকে তাইলে এইটা একটা,1
এগুলো সব হুজুররাই পারে,0
সব পাগলের খেলা হায়রে,1
এতোদিন চুরি করে এখন ডাকাতি করার ধান্দা,1
বোকাচোদা কথা কোইলো নাকি বমি করলো ১:৫০ মিনিটে কিছুই বুঝলাম না ,0
ওমা এইনে আমগো পুতুল খালার মা হাচু নানি,0
যৌতুক লুবি পরিবার ও ছেলেকে আইনের আওতায় আনা হোক,1
মানুস নামের জানোয়ার একেই বলে,1
অনেক সুন্দর বাসর ঘর সাজানো হয়েছে ভালো লাগলো দেখে,0
তুমি কোন শহরের মাইয়া গো লাগে উড়াধূরা ,0
"বাটপারি ধরা পড়ে গেছে, তাই সে উধাও।",0
কি এক অসলিলতা সৃষ্টি হলো দুনিয়াতে।,1
তুমিও ত সেই চোখই দেখছ আবার আমাদের বলো,0
বুবলি এতো সুন্দর করে কপি করে ড্রেস পড়ছে. এরে কেউ নোবেল দে.,0
"ভালো কয়ছ গো বুইয়া, জাতের জাত মিলে,",0
হেডায় আন্দাজ পাসনা,1
তেমার লাগি রাখছে মাশিকের পেমপার তোমার নিচে লাগাইবার জন্য,0
যখন মনের অবস্থা কাউকে বলে বুঝানো যায় না তখনই সেই জমানো কষ্টটা লোনা জল হয়ে চোখ দিয়ে বেরিয়ে আসে।,0
ওখানে যে রস থাকে ,0
"কি সুন্দর নাটক আল্লাহ, এই মহিলাকে হেদায়েত দান করুক,",0
সবগুলা কনডম বিস্ফোরনে পয়দা,1
"একদম ঠিক, টেনে কখনো সম্পর্ক এগিয়ে নিয়ে যাওয়া যায় না",0
সুয়ের বাচা সিলেট সিনিচ,1
আল্লাহ জালিমের হাত থেকে রক্ষা করোন,0
তুই শালা টাকার লোভ না থাকলে তুই এই জায়গায় আসবি না বুঝেছিস বোকাচোদা ,1
খানকিদের নিউজ ছাড়া আর কোন টপিক নাই দেশে,1
এই জানোয়ারের বাচ্চা এটা কখন কার ভিডিও,1
বস্তির জারোজ লোকজনের জন্য রংধুনু আলা কোনো জিনিসই ছোড়া যাবেনা দেখছি,1
"বাটপার, বেটা ড্রাইভারের ছেলে হয়ে কেরামতি দেখাও কোটিপতির। দূর্নীতিবাজগুলো কোথাকার।",1
ভাই এদের জন্য নোবেল কোই পাওয়া যাবে বলতে পারেন ,0
ধন্যবাদ টাঙ্গাইল বাসিকে,0
আসমানী ভাবিই পারফেক্ট হইছে,0
খুনির দোসর,1
একটা কিক মেরে ভারতে পাঠানো উচিৎ,0
যে নারী বিয়ে আগে তার গায়ে পুরুষ এ স্পষ্ট করে তার জন্য ও জায়গায় জাহান্নাম,0
আচুদা প্রথমে কুত্তার মত চুদায়‍,1
"তাকিয়ে থাকতাম। কিন্তু ফাঁকি দিয়ে চলে গেছে মা,",0
আপু তুমি কি খেলতে,0
বিশ্ব সেরা নির্লজ্জ বেহায়া বেয়াদব কাপল,1
মেয়েটার জীবন টা নষ্ট আহারে ,0
বুড়ি নষ্ট হয়ে গেছে।,1
মাগির ফুয়া সিলেটিরে গালাগালি করচ কেনে।,1
চোরের বাচ্চা চোর,1
"খানকির পোলারা তোরা আমার ভাই বোন কে এবাবে মারিস না, তোগো খাবর আছে",1
কীভাবে এতো পাগল হয়ে গেলাম আপনার জন্য আপনার এতো এতো ভালো বাসা আমাকে পরিপূর্ণ করেছে। ,0
ওই নিচে লাগায় দে সাদা সাদা নিচ দিয়েও বাড়িতে আছে ওইটাতে লাগায় দে দেখবি ভালো লাগবে বাইনচোদ মহিলা,1
আরেক টোকাই,1
আহারে খাউজ্জায় চুলকায় মজা লাগে পোড়ায় যখন চুলকানি উঠে তখন ইচ্ছে করে দুইশ টাকা রোজের কামলা ভাড়া করে চুলকাই,0
ওদের চিনে রাখুন সময় আসলে জবাব দেয়া হবে,0
এই ফালতু সিরিয়াল বন্ধো করেন।,1
"হেডার গান গায়, কোন ফিল আসে না, উল্টা ভয় লাগে,",1
দালাল খানকির পোলা,1
এক নেংটা আর এক নেংটার বিচার করে ,1
ভালোবাসা সুন্দর যদি সেটা পূর্ণতা পায় ,0
এর পুটকি দিয়ে মুক্তি যোদ্ধা বরেন,1
মাস আল্লাহ খুবই সুন্দর লাগে আপনাদের,0
মজা পাইলেও কিছু করতে পারছিনা,0
তম্মা মাগীর হেডা,1
লুচ্চা মামুন লুচ্চা মামুন লুচ্চা মামুন,1
খুব তাড়াতাড়ি তোরা দুইজন ধ্বংস হয়ে যাবি নাজিম তানিশা,1
"কতটা নির্লজ্জ বেহায়া, কি তার এটিচিউড এবং শব্দ চয়ন। ঘেন্না লাগছে, ছিঃ ",1
আপনি তো সেরকম একজন। সমালোচনাকারী,0
একেবারে হাসিনার সঙ্গে মিলেমিশে পুতুপুতু এক একবার একেক কথা  মিথ্যাবাদি  মহিলা,1
কুকুর: আমি ওদের মতো বেইমান মাদারচোদ নই,1
নিচের জ্বালা উঠছে মনে হয় ,1
তোরা বাল ফেলতেছিস,0
শয়তানীর হাড্ডি ,1
কে বুঝবে? যে বুঝেছিল সেই তো কষ্ট দিল,0
এইটা আরেক মাগী,1
"এই কুত্তার বাচ্চা,লায়লা যদি তোর বউ বা আত্মীয় না হয় তাহলে তার বাসায় ৪ বছর কেন থাকছিলে? তুই এবং লায়লা দুটাই আবর্জনা, অসভ্য।",1
অর্ধনগ্ন অবস্থায় দৌড় টা কড়া আসিলো ,1
তোর হাসি শুনলে আমার মুতে ধরে ,1
একটা ফালতু অশিক্ষিত একটা ছেলে নিয়ে নিউজ করে,1
আসল বিষয়টা হলো নোংরা জিনিস পছন্দ করে ওরা ,0
পুলিশ না থাকলে তোমাদের কে কেও চুদেনা,1
ভুয়া সাইট,0
সবার আগে দুধ দেখি ,1
নানীর গোয়া তো খাল হয়ে গেছে,1
চাপাবাজ মহিলা।,1
চোরের পোলার নবাব গিরি,1
পরিমনির চুলকানি বাইরা গেছে,0
চুলকানি শুধু মুক্তিযোদ্ধা কোঠায়,0
"কুকুরের বাচ্চারা তাদের ঘরে মা বোন নাই, যে বানাইছে এটা কি তোর মা,",1
দিদিভাই তোমার সব ভিডিও আমি দেখি খুব ভালো লাগে মন খারাপ থাকলে মন ভালো হয়ে যায়,0
তোদের কে পুটকি মারছে দারাই দারাই কি দেখছ আটকালে কি হতো ,1
এই মহিলার কথা শুনলে আমার বমি আসে,1
দামরি মেয়ে লোক খেয়ে দেয়ে কোন কাজ পাস না কাজ না পেলে আমার বাসায় বাথরুম দেওয়ার কাজে লাগাই দিবানি,1
এতদিন চোরের মায়ের বড় গলা দেখতাম এখন চোরের ছেলের বড় গলা দেখতেছি ,1
"চিন্তা করা যায় গাড়ির ড্রাইভারের ছেলের এই অবস্থা কোন দেশে আছি আমরা, আমি দ্বিতীয় শ্রেণীর চাকরি করে দেনা শোধ করতে পারিনা ",0
সাংবাদিক এরা আর কোনো খবর পায় না ফালতু সব খবর,1
একেই বলে বস্তি এরকম কেউ করে রেস্টুরেন্টে গিয়ে,1
দেখলেই ঘৃণা লাগে।,1
বেজন্মা ,1
তানিসা পুরাই কটকটি,1
এই মহিলা নিজেই একটা নোংরা। যৌন ক্ষুধা তার বেশী।,1
সাপ ফণা ধরে আছে বিষ নামিয়ে দিবে?,0
চ্যাট করবেন না কি অন্য কিছু করবেন একটু খোলাসা করে বলেন ,0
আস্ত একটা সোদানির পোয়া,1
হালা চুরি কইরা দেশ তাকি বাগছে,1
ভিখারি মনে হয় ড্রেস এর অভাব আছে ,1
দুটোই বখাটে,1
অসভ্য নির্লজ্জ বেহাইয়া জাতি আমরা,1
তোমার কাছে এটা খুনসুটি মনে হয় আর হেতে বেচারার জান টা শেষ হয়ে যায় এটা সামাল দিতে দিতে,0
নাটক বাজ রাক্ষুসী ডাইনির ,1
"সরকারের কাছে জোর দাবি জানাচ্ছি, কমেন্ট পড়া লোকদের বেতনের ব্যবস্থা করা হোক! ধন্যবাদজ্ঞাপন",0
শাউয়ালীগ.,1
রুকু দিবে কে বাবা,0
বোকাচোদা ,1
সাইকো,0
ফকিন্নির বাচ্চারা,1
চোরের দল ভাগাভাগিতে ব্যাস্ত,1
কুত্তার বাচ্চাকে যথাযথ শাস্তির আওতায় আনতে হবে ,1
এ শহরে বোঝার মানুষের থেকে ভুল বোঝার মানুষ বেশি,0
এটা তোর বোন হবে হালার ঘরের হালা,1
আমার অনেক দেখার ইচ্ছা ছিল ওই জায়গাটি কিন্তু যেতে পারি নাই আপনি দেখাচ্ছেন খুব ভালো লাগলো ধন্যবাদ ভাই,0
"সমাজ আজ কোথায় চলে গেলো, আস্তাগফিরোল্লা",0
মাশা আল্লাহ ছোট বোন টারে অনেক সুন্দর লাগতেছে,0
কাউয়া কাদের ,1
"সুদন ভাইকে আগে ভালো লাগতো এখন কারো পোষা কুকুর হয়ে গেলো,",1
আফার কাছে চলে যান এই লুকে।,0
একে সবাই মিলে বয়কট করুন হাসিনার পা চাটা গোলাম,1
ফালতু নিউজ ছাড়া আর কোন নিউজ পাননা,1
"তোমারে রিপেয়ারিং করার জন্য টাকা দিবে, আর তুমি সুস্থ হয়ে এসে আবার রেপিং শুরু করো, নষ্টামি শুরু করবা পাবলিক এত বোকা না।",1
চোরের পোলা চোর,1
এসব বালের নিউজ বার বার পোস্ট করার কি দরকার ভোদাই,1
এই গান যত শুনি ততই মুগ্ধ হই। আবারো প্রেমে পরে গেলাম গান টার এবং আপনার ভয়েস এর। ভালোবাসা,0
সুন্দর ফানি ভিডিও,0
দুইটাই নষ্ট দুইটাই লোভী। নাটক বন্ধ কর বন্ধ করে ভালো হ,1
বাটপার এগ্রো ফার্ম ,1
"ভাগ্গিশ জীবনে এমন ৪-৫ জন বন্ধু আছে নাহলে জীবন তুচ্ছ। বন্ধু আমার যখন পা ভাংছিল মনে তোর, তোরা সবাই মিলে কি করছিলি সেই দিন গুলো এখনো মনে পরে খুব মিস করি তোদের ",0
কুলাঙ্গার এর ছেলে এর চাইতে আর ভালো কি হতে পারে এ আরেক কুলাঙ্গার,1
"জায়েদ পরে তনিরে ডাকবো তনি ও যাইবো,",0
একটা ডাইনির মতোন ,1
এসব কুত্তার লীগ কোথায় আসে,1
মায়ের হাসিটা অসাধারণ,0
তুমি কত জন এর বাড়া নিয়েছো রমনী,0
ভাই সেই দুধ,0
ওতো গাঁজা খোর ওতো কথাই ঠিক মতোন বলতে পারেনা,0
ভীষণ ভালো লাগলো দোয়া রইলো ভাইজান ,0
ছি! এই অসভ্য গুলার বিচার হওয়া দরকার। ,1
পাপন দাদা আজকে শুকনা খাইসে ,0
ভাইরে এতো আলেম গিরি আর করিস না তদের উপর আল্লাহ লায়ানত ,0
তোর ঘরে চাউল আসেনি খানকির পোলা ভালো হয়ে যা ,1
সাকিব এবং সালমান দুইজন বেয়াদব। বয়কট দুইজন সাকিব এবং সালমান।,1
গেলে পেটে বাচ্চা দিয়ে দিত শাকিব লুচ্চা,1
কি দিয়ে গালি দিবো ঠিক বুঝতে পারছি না।,0
নষ্টা মেয়ে বলে এমন করে,1
তুই মর শালি বেটী,1
লাইকা নাকি নাইকা,0
বুরা বাইনচোদ,1
"মানুষ যখন অল্প কষ্ট পায় তখন সে কাঁদে! কিন্তু যখন অনেক বেশি কষ্ট পায়, তখন সে আর কাঁদে না! পাল্টে যায়!",0
অতিত ছাড়া জীবন সুন্দর করা যায় না,0
যার বুঝার সে তো বুঝেইনা,0
"শালার পোলা গো কাহিনী সারাজীবন থাকব, কি চলতে বাংলাদেশ ",0
ভালোবাসা দিয়ে সবার পাশে আছি ,0
পারিনি হাজার চেষ্টায় আটকিয়ে রাখতে ,0
রাজ কে পাওয়ার জন্য হোগা গরম হইয়া গিয়াছে।,1
অসাধারণ একটা ভিডিও,0
গরু একাই যথেষ্ট,0
সত্যি অসাধারণ! ৫০০ টাকা দিয়ে ৭০০০ টাকা পেয়েছি।,0
তোর মতো মাদারচোদ কয়জন রে,1
পতিতার সাথে কথা না বলাই ভালো,1
এসব কিছু কুলাঙ্গার মেয়ের কারণে ছাত্ররা অপমানিত হবে।,1
এই মেয়েটা অনেক বড় বেয়াদব এর ফুল ফ্যামিলি বেয়াদব এর মা-বাবা সবাই বেয়াদব,1
"তুমি শুরু, তোমাতেই শেষ। তুমি হারালে আমার গল্প এখানেই শেষ!",0
তোমার বাড়ির কোন শিক্ষা নেই তাই তুমি এটা করতে পারছো,0
আপনাদের মন মানসিকতা অনেক খারাফ ও এখন ও ছোট কিছু বুজে না ভিউ পাওয়া জন্য আর কি করবা,0
আসলে খুব একটি দুঃখজনক বিষয় বাচ্চাটার জন্য দোয়া রইল আল্লাহ যেন উনাকে সুস্থ করেন এই দোয়াই করি,0
অসভ্যের মতন মানুষের চেহারা নিয়ে ঢং করাটা ঠিক না।,1
আসলে আপনাদের না থাপড়ানোটা পাপ৷,1
চুচু করে দিব,0
বেহাইয়া স্বামী ছিনতাইকারীদের লজ্জা শরম থাকে না পরের স্বামী কেড়ে নেয়,1
শালীর চেহারা দেখেন হেরইন খায় মনে হয়,1
ছিঃ মানুষ কতটা ছোটো না হলে এখন ও আমকে লিংক দিতে দেরি করে,1
ন্যাকামি ছাড়া আর কিছুই লাগে না,0
তানিশা নাম টা শুনলে আমার মুখে একটা কথাই আসে সেটা হলো নির্লজ্জ মাইয়া,1
"মিরাজ সবকিছু দেখছে, এবং ইউজ করছে। আমাদেরকে কি দরকার",0
খুব সুন্দর আচারি বেগুন রান্নার রেসিপি ,0
বুদারপুলা সাকিব।,1
একটা পতিতা দূর হলো,1
জন্মের দোষ,1
সেই অপেক্ষায় আছি।,0
ভিসা দিলে চিন্তা গরা যায়!,0
আপনি অন্যায়ের বিরুদ্ধে প্রতিবাদ করতে ভয় পাচ্ছেন,0
নতুন একটা তিশা আপুকে দেখলাম ,0
যত্ন নিলে সব সম্পর্ক থেকে যায় হোক সেটা বন্ধু কিংবা ভালোবাসা ,0
অপূর্ব অসাধারণ সুমিষ্ট সুমধুর কন্ঠস্বর। সকলের প্রসংশার দাবি রাখে। অসাধারণ গায়কী শৈলী শিল্পী ভালো থেকো নিজের শরীরের খেয়াল রেখো ভালো থেকো। ,0
তানিশার মতন নোংরা মেয়ে পৃথিবীতে নাই,1
সালাদ অনেক ভালো লাগে ,0
লুভী রাক্ষসি তানিশি ,1
জায়গার তা জায়গায় না ঢোকলে একটু তো গলা ব‍্যাথা হবেই।,1
খুব ভালো লেগেছে ডিজাইন টা,0
"হ্যাঁ তোমাকে সাহায্য করে যেন, আবার দ্বিতীয় বার পরকীয়ায় জড়িত হতে পারো।",0
মনে শান্তি পাইলাম,0
চোরের পুলা ধর্ম ব্যাবসায়ী,1
এইটা হচ্ছে বড় চোর।,1
মজার খাবার আর মুখে পরছে না পা চাটার দল। এখন মেধাবী দোষ খুজ,1
এটা অমানবিক কাজ এটা মোটেও ভালো না,0
তোর দেশের মাইরে চুদি,1
"চারিদিকে শুধু দুষ্টু কোকিল ডাকছে, এবার ঠিক আছে কুওা ডাকছে ঘেউ ঘেউ ঘেউ।",0
এখনকার মেয়েরা সুদু ছেলেদের দেহ চায়,0
তুই এক রাত চোদা দুয়ার জন্য কত টাকা নিবি আমাকে বল বুঝলি,1
তুমি তো অপুর বোন শাঁকচুন্নি আফা।,1
দালাল মাদারি,1
মূহুর্তের মধ্যে চোখের সামনে সব ভেসে উঠলো!,0
"মাদারচোদ, তুরে বেডা গুয়া মারছে",1
এই পাগল পাবনা থেকে ছাড়া পাইলো কবে,0
বাস্তব সত্যি কথা ,0
হাওনের ভাতিজা,0
এদের শান্তির জায়গা লিভ টুগেদার,0
তানুর মেকআপ ওভাবে কেন? জান্নাত কে কিউট লাগে,0
একবার করার মতো মুড চলে আসলে আর মনো কিছু মনে হবে না প্রথমে চুষতে হবে পরে লাগানো উফস,1
"এদের সবকয়টাকে ধোরে জনসম্মুখে অতি কস্ট দিয়ে মারা হোক,",1
সালা হিজরার বাচ্চা,1
ফালতু একটা পোলা লজ্জা শরম একেবারে নেই,1
এর কপালে বোকাচোদা লেখা নাই তো এর কপালে মানুষের চোদা লেখা আছে,1
ছাত্রলীগ জারজসন্তান,1
ডাইনিরে দেখলেই আমার ভয় লাগে ,1
দিদিভাই তোমার কন্ঠ খুব সুন্দর,0
"বুইড়া পাডা, কুত্তার বাচ্চা তুই, তোরা!",1
বান্দবীকে বুদার ভিতোরে ডুকাইয়া রাখ,1
অসম্ভব সুন্দর নাটক,0
"প্রতিটা ছেলে স্বপ্ন, তার মাকে এইভাবে সারপ্রাইজ দেওয়ার!",0
এর মুখের ভাষা এ রকৃ কেনো। এ কি পাড়ার মহিলা নাকি,1
পল্টি বাজ,1
একি মর্মান্তিক ঘটনা ,0
"হ, তোর সাউয়া সেলাই কইরা দিয়া সমান বিচার করা হইবো, থেতলিয়ে দেওয়া উচিত,",1
তোগো পোন্দাপোন্দি অনলাইনে কে,1
ঠিক বলেছেন আমারও মনে হয় এসব নোংরামি ছাড়া আর কিছু না।,1
এই হারামজাদা তোর কি বানডা চুদা,1
মেয়েটার বারির লোক ছিলো লোভি টাকার তাই এরকম করলো ছেলেটার সাথে,0
খুব সুন্দর ভিডিও মায়ের আদর পৃথিবীর সেরা আদর নির্ভেজাল।,0
জাতি কে বলি আপু কে একটা নোবেল পুরষ্কার দিয়া হোক ,0
ধন্যবাদ টাঙ্গাইলের হেফাজতে ইসলাম এবং মুসল্লী ভাইদেরকে।,0
ইন্ডিয়ান পাগলা বলে কথা।,1
চামচামী বাদ দিয়ে বাস্তবতা বলুন।,1
আমি লজ্জিত বাংলাদেশী ,0
কচি বেডা মানুষের সাথে প্রেম বুড়ি মেয়ের ,1
দুইটাই বোকা চোদা,1
"কাজ কাজই, কোন কাজই ছোট নয়",0
দেখতে মানুষের মতো.,0
ভালোবাসা মানে সুখ দুঃখেপাশে থাকা! ,0
গানের মানসম্মান নাই ভাই ,0
অনেক সুন্দর সুন্দর কথা বলেছেন আপু ভালোবাসা অবিরাম সবসময়।,0
খানকির পোলায় এতদিন কই ছিলো,1
যেদিন তুমি ব্লক দিয়েছিলে মোবাইল হাতে নিয়ে অসম্ভব কান্না করেছিলাম জানি না কেন। তুমি কখনো আমাকে ভালোবাসি বলো নাই তার পরেও তোমার মায়ায় জড়িয়ে গিয়েছিলাম। এতো ভালোবাসার পরেও তোমার থেকে ব্লক উপহার পেলাম তারপরে তা মেনে নিলাম কারণ ভালো তো আমি বেসেছিলাম তুমি বাসো নাই। আবার দেখা হলে জিজ্ঞেস করবো কেন ভালোবাসলে না আমায় কেমন করে ভালোবাসলে তুমি ভালোবাসতে আমায়?,0
আর কত ভন্ডামি,1
এরকম অসভ্য বেয়াদব মহিলা সমাজের শত্রু জাতির শত্রু এদের থেকে ভালো কিছু আশা করা যায় না,1
সোনা দিয়া বান্দায় রাখো এই কথা!,0
"তুমাদের মত মেয়েদের জন্য ত পরকিয়া হই,রাস্তায় রাস্তায় বেপর্দা ভাবে চলাফেরা কর,",0
"এই বুড়ি কে আবার কে প্রেগন্যান্ট করলো, সাহ আলম নাকি জাহিদ ",0
এতো বড় লেজ কি করে এই পাছার মধ্যে লুকালো?,0
মাংগের নাতি ,1
"পূর্নতা মানুষকে হাসতে শেখায়, আর শূন্যতা মানুষকে অঝড়ে কাদায়!",0
এগুলা কুকুরের জন্ম টোকাই গুশটি,1
এখন আর নুনু দাঁড়াই না ভয়ে ভয়ে খালি ঘুমাই ,1
এই সব জর্ম্ম হিন নির্লজ্জ বেহায়া ছেলে মেয়ে আসে কোথায় থেকে ছি,1
এর সাথে সেপুদা কাকুর সাথে বিয়ে হলে ভালো হতো,0
এগুলো তো কুলাঙ্গার সন্তান ছি,1
মেধাবীরা লুটপাট করে না তারা কোঠায় পাওনা বুঝিয়া পাইলো।,0
আজ আমার নুনু খাও ,1
ভীষন অসভ্য লোক বাস করে এই সমাজে।,1
পৃথিবীর সকল মা বাবা সুস্থ্ থাকুক ভালো থাকুক আজীবন আমার জীবনের সব সুখ সব আয়ু তাদের হোক ,0
ভাই আপনার ভিডিও গুলো খুবই সুন্দর।,0
কুকুরের সাথে তুলনা করে কুকুরের সম্মান নষ্ট করবেন না দয়া করে। ওরা পৃথিবীর বুকে সৃষ্টি হওয়া সবচেয়ে নিকৃষ্ট জীব ,1
অপু। একটা বেয়াদব মহিলা ,1
ওরা শারীরিক চাহিদা মেটাবে কি করে ,1
চেয়েছিলাম অধিকার। হয়ে গেলাম রাজাকার।,0
যখন টেনিস বল ছিল তখন রাজাকারকে বিয়ে করল এখন বাশকেট বল হয়ে গেছে এখন সামি কেন বিয়ে করবে ,1
এমন শাড়ি পরার কি দরকার উলঙ্গ হয়ে থাকতে পারতেন।,1
ফেসবুকটা শেষ করে ফেলছে,0
নাটকটা দেখার পর নতুন করে প্রেমে পড়তে ইচ্ছা করে,0
ছাত্র লিগ তো না বানচোদরা মাদারচোদরে দে শেষ কইরা,1
একটা নষ্ট মেয়ে একে একটা সারের দরকার।,1
মাদারীপুর নিয়ে স্বপ্ন হলো নিজের জেলায় কম দামে প্রশ্ন বেঁচবে। চোর বাটপার।,1
"ব্যবহার, বাবা মায়ের শিক্ষা ",1
কপালে যেটুকু সুখ লিখা ছিল তাও এই গরমে ঘাম মুছতে মুছতে উঠে গেছে! ,0
যাইহোক দুইজনের কন্ঠ কিন্তু  ভালো লাগছে,0
সেলুন দোলোদিয়া পল্লী কেহ যাইবে না বাল কাটিতে,1
সুদানির ঘরে সোদানির পুলাদেরই জন্ম হয়,1
সব বালেন গানেই একি টাইপের মিউজিক কোনও নতুনত্ব নেই,1
আমার সাথেও এমন হয় ,0
বালচোদারা মনে হচ্ছে ডাল না বিরিয়ানী।,1
তোরে জন্ম দিছে কোন বাবা মা।,0
বিয়াদব,1
তোদের এতো চুলকানি কেন।,0
বার বছর ধরে আমার বাল এক‌ই আছে,0
আচ্ছা এর কি কোন আত্মীয়-স্বজন নেই!,0
এসব ফালতু পোস্ট করে নিজে কে বড় মনে করবেন না যতসব ,1
খাটের কথা ভেবে মেঝেতে করার নামই গরিব ,1
পুরুষ কখনও এক নারীতে আসক্ত হয় না।,0
এখন আসচস উনারে রোস্ট করতে ছি ছি ,1
একদম পারফেক্ট ,0
বাংলাদেশের অভ্যন্তরীণ বিষয় নিয়ে ভারতের মাতব্বরি করার অধিকার নেই,0
ফেসবুকে একটা পাইছস বাপ দাদার কানকি মাগী আর খানকির পোলা যত কিছু আছে উল্টাপাল্টা ভিডিও চোদাও ,1
আহ ভোদার কত দাম,1
পরিচালক এর বিছানায় যা,0
এতো দুষ্টু কেন পোলাপান,0
চোরের দেশ বাংলাদেশ,1
এতো অপমান হওয়ার পরও ক্যামেরার সামনে এসে মিথ্যা কথা বলতে লজ্জা করে না,0
"খানকি,",1
বিয়ে ছারা পেলে বিয়ে করে লাভ কি।,0
তুমি মনে রেখে বাল ফালাইবি,1
ভুদাই কোথাকার,1
সব সময় আপনার পাশে আছি,0
"লজ্জা শরম না থাকলে এমন কিছু ফেসবুকে পোস্ট করা যায়,",0
মাথাডা নষ্ট ,0
বাংলাদেশে আট মিরিয়ন পাগলা আছে ,1
আল্লাহ্ আপনি রহম করুন আমিন ,0
ইন্ডিয়া তো বাপ ছাড়া জন্ম নেয়া একটি দেশ৷ মানে বুঝলেন? ,1
বিশাল মানুষের মাঝে ভাইরাল হতে ই এসেছো,0
মনের থাপ্পড়ই বড় থাপ্পড় ,0
কতবার দেখতাম তখন এখন আর দেখি না কারণ মা আর নাই,0
আমার বিবাহিতা দিদি পুরো লেঙ্গটা হয়ে আমার ধনের উপর চড়ে বসে দু পা ফাঁক করে,1
সত্যি সফলতা এমনি এমনি আসে না তার জন্য প্ররিশ্রম করতে হয়,0
যে মেয়ের মান ইজ্জত নেই সে মেয়ে এমনই তো করবে তাতে অবাক হওয়ার কিছুই নেই,0
প্রশ্ন বেইচ্চা দেশটা খামু গিল্লা।,0
"বাংলাদেশের অধিকাংশ সাংবাদিক কুত্তারর বাচ্ছা, এদের নিয়েএ সংবাদ করা লাগের এদের,",1
"এই যে ছাত্রলীগ, তুমি জাগ্রত জানোয়ার! পুরো বিশ্বের ভাইরাস তুমি বাংলার কুলাঙ্গার ",1
অফিসের পাশে রেললাইন আছে সমস্যা নাই ,0
ভাগ্যিস আমার নাম নাই,0
জাতীয় দালাল স্বৈরাচার সরকারের পা চাটা গোলাম,1
এতগুলো মানুষ জীবন দিয়েছে এটা খুবই দুঃখ জনক কথা,0
চমৎকার বিনোদন ,0
নষ্টামি,1
ছাত্রলীগ বরাবরই একটা কুত্তার বাচ্চা ,1
ভাইয়ার অভিনয়টা খুবই ভালো লাগে। রিএকশনগুলো দেখেই অনেক হাসি পায়। অনেক অনেক দোয়া ও শুভকামনা রইল আপনাদের জন্য। ,0
তোদের মতো বোকাচোদা সাংবাদিক থাকলে জাতীয় দলের অবস্থা খারাপই হবে,1
এই চাটুকারদের এভাবেই জুতা নিহ্মেপ করা হবে।,1
"চোরের বাচ্চা, তুই ও চোর।",1
টিকটক প্রতিবন্ধি।,1
টুপি খুল খানকিরপুত,1
সাবান তাই সপ্তাহে একবার ব্যাবহার করি না ,0
মেন্টাল সাংবাদিক,1
অনেক অনেক শুভকামনা কিংবদন্তি আমার প্রিয় শিল্পীর জন্য।,0
ফিলটার ছাড়া ছবি দেক তখন বুঝবো লাল পরি না নীল পরি,0
কাতার থেকে  ভাতার,0
বুকে তিল আছে ওই আমার ,0
"আমার প্রিয় গায়কদের অন্যতম একজন। অনেক অনেক অনেক শুভেচ্ছা, শুভ কামনা, অভিনন্দন ও ভালোবাসা রইলো",0
বেশ্যার ছোল দুইডা,1
আমার ধোন কুত্তালিগ তোমাদের জন্য ,1
কি কম্পানীর গাঁজা সেবন করো তোমরা  ,0
"এবার তাহলে ঠিক আছে, কারণ বাপকা বেটা হবে না হবে কি বিলাই ",0
চেয়ারম্যানের কথা শুনে ওবায়দুল কাদেরের কথা মনে পড়ে গেল,0
মনে হয় শাকিব খান ৩ নাম্বার বাচ্চা নিয়ে আসতেছে!,0
"বিডিও টা ছেলে বানাইছে মেয়ে না, আর মেয়ে দের অসম্মান করা উচিৎ না",0
"মানুষ বদলে যায়, বুকের ভেতর রেখে যায় অবিশ্বাসের ক্ষত!",0
কিছু পোলা এমন লুচ্চামি করে  ,1
বেইমান,1
আশিফ নজরুল তো মেয়ে ধরা আর পরকীয়ার প্রবক্তক।,1
এরা মানুষের  দূরনাম দেওয়ার বাপের পেটা ,1
এই ভিডিও আমার অনেক ভালো লাগে অনেক বার দেখছি,0
মহিলা টা কী যে মিথ্যা বলে। ওনারে ডিম থেরাপি দেওয়া হউক,1
মুতে দেওয়া ভালো বাসা আহা,1
"বুবলি কে গোলাপ বলছে, যেটা সবারই প্রিয়",0
তোমাকে কয়বার করে লাগায় দিনে রাতে,1
লিপস্টিক দিয়ে অভিনয় মারাইতেছে ,1
এসব মহিলা সাপের চেয়েভয়ংকর,1
"আল্লাহ এই গুলো দেখার আগে, আমার মরন দাও",0
পুরো শাড়িটা খুলে ফেলে দে লুচ্চি,1
কি সাওয়ার ঝগড়া ,1
তোর দোয়া করলো কেডা মাঘি বোরিং লাগবে কেন দেখ আশেপাশে কোনো বান্ধবীর জামাই আছে কিনা ,1
প্রশ্নপাঁশকারী ও চোরের দল,1
কতো বড় জানোয়ার নুন্যতম লজ্জা সরম নাই এদের,1
পুরো মাদারচোদ নতুন শিখতে হইবো না রে,1
এই মেয়ে তলে উপরে মেধাবী এবং হিরোইন্সি।,1
প্লাবন ছিলো শিপং করে দেয়ার বয়ফ্রেন্ড. নাজিম হলো শপিং করে দেয়ার জামাই,0
"এখনো সময় আছে, সংসদ থেকে পদত্যাগ করে জাতির কাছে ক্ষমা চেয়ে নে।",0
বদমায়েশের ছেলে চালাবে দেশ,1
এ খুশিতে হাতুড়ি সিংহের পিছন দিয়ে ছাদখোলা বাস দিয়ে সারাদেশে ঘোরানো উচিত,1
সঠিক সিদ্ধান্ত। অভিনন্দন ঢাকা বিশ্ববিদ্যালয় প্রশাসন কে।,0
এইডা একটা শুয়োরের বাচ্চা এই আসিফ নজরুল মনে হয় বাবা ছাড়া জারজ সন্তান,1
আগেই জানতাম শরীল ব্যবসাই আর যাই হোক সৎ মানুষ হতে পারে নাহ!,1
মিয়া ভাই ছিলেন জিনিয়াস চুদিরভ্যাই!,1
কথা হয়না এখন আর তার সাথে! কিন্তু তার কথা মনে পরলে বুকটা কেঁপে ওঠে! ,0
পোনদি পল এরা ,1
গরুর গু মুত খেয়ে গুজব ছড়ানোর নাম ভারত।,1
ছি তোর কি লজ্জা শরম নাই রে ভাই,1
হ্লায় তো একটা খাদক।,1
আপনাকে অসম্ভব ভাবে মিস করি,0
ঘরে ঘরে পতনের ভয়ে হোটেলে আসলো তবুও হোটেলেও বিবস্ত্র  আই হায় কামডা করলো কে!,1
"কেউই থাকে না, বেলা শেষে মানুষ বড্ড একা",0
আমাদের দেশের সাংবাদিক দের আর কোন কাজ নাই ফালতু। থু থু মারি,1
দেশের টাকা লুট করে বিদেশে ফুর্তি করা সাকিব খান।,0
এলা আইসা আমার বাল গুলা ফালায়া যাও।,1
৪ নাম্বার লাইন টা,0
"এটা হলো বিশ্ব খারাপ, এরার জন্য সমাজ নষ্ট",1
তোমার গলার এই গানটা আমি আমার ফোনের রিং টোন করলাম.,0
বেশ হয়েছে,0
আমি ২০১০ সালে কুত্তা পালতাম যা এখন পোস্ট দাতার সমান।,1
লুচ্চা নাজিম্মার নেক্সট টার্গেট,1
হাহা হাহা হাহা আপু অনেক উপকার করলেন ধন্যবাদ ,0
"ভাই, ৫০০ টাকা দিয়ে ৩০০০ টাকা হাতে পেলাম। এমন সার্ভিস আগে দেখিনি।",0
নামটা খেয়ে দিলো রে হালায়,1
দূর সালা চাগল,1
লেজেন্ট রা তোর মার ভোঁদার মধ্যে ,1
বাথরুমে ধরলে সমস্যা নাই আটকে রাখতে পারবে,0
শালা জারোজ সন্তান,1
আর কোনো প্রশ্ন পাইলো না শালি কেমন ডা লাগে ,0
প্রায় সময় এমন একা অনুভব করি!,0
আপু তুমি জিনিস একটা ,0
আমার হোগামার শেষ,1
তদের লজ্জা সরম বলতে কিছু নেই নির লজ্জয় বেহায়া,1
কত মানুষ করোনায় মারা গেল। তোরা কোথায় ছিলি,0
বাল লিজেন্ড হয়ে বিপদে আছি,1
এর কাজই হলো মেয়াদোত্তীর্ণ শরীর দেখিয়ে বেড়ানো,1
শালার পো একটা ,1
আর এর উপর বোকাচোদা মাগী খানকিমাগী,1
"আলহামদুলিল্লাহ, আমার ঘর আলো করার মতো এবং মন ভালো করার মতো এক ""পরী"" আছে।",0
এই বেডা সব রোগের ডাক্তার,0
সেম কিছুই টের পাই নাই আমিও ,0
এরা নাকি আবার জাতির নেতৃত্ব দিবে ছি ছি।,1
মিমি ঠিক করছে কাজটা,0
খুব সুন্দর বিনোদনমূলক একটি ভিডিও ভিডিওটা খুবই ভালো লেগেছে অসাধারণ সুন্দর হয়েছে,0
দারুন তো ,0
কেউ কিছু বললে লীগের ট্যাগ কিংবা দালাল।,1
ও সাথী একবার এসে দেখে যাও আমি কত সুখে আছি,0
অনেক সুন্দর সবার প্রতি ভালোবাসা রইলো সব সময় ,0
এখানে একটি গোষ্ঠী কমেন্ট থেকে বিরত কেন?,0
কতো টা খারাপ হলে একটা মেয়ে তার অঙ্গ এভাবে বের করতে পারে চিহ ,1
একটা সুন্দরী মেয়ে বন্ধু চাই ,0
ওদের কে আসলে মাফ করা উচিত না,0
আমার ধোন দারায় না ওরে দেইহা,1
"সাংবাদিকের বউকে, একা পেয়ে, সাধারন জনগণ ভরে দিলো,",1
"মুখে মুখে বললে হবে না। চামড়া উঠানোটা, আমাদের দেখানো উচিত ছিল।",0
অভিনয় এটা,1
মাদারবোর্ড এমপি কু ত্তা সাকিব তোরে খেলোয়াড় হিসাবেও পছন্দ করতাম না,1
তুমরা তো মেয়ে নামের খানকি মাগি তরা না দেখলে কে দেখবে ,1
তুই তাকজেন আর শাকচুরি রে তোর বালাই লাগবো,0
এই পৃথিবীতে এখন আর কেউ কাউকে ভালোবেসে না শুধু প্রয়োজনে ব্যবহার করে ,0
যত কিছু বলেন না কেন তাদের কোন লজ্জা শরম নেই।,1
"ভাইয়ের বাড়ি আমার বাড়ি কিন্তু কাছাকাছি, বোদাতে। তুমি চাইলে আমার বাসায় এসে কিন্তু থাকতে পার",1
এই মেয়েকে পুলিশ এর আওতায় আনা হোক,0
আওয়ামী লীগের সাপোর্ট নিয়ে অনেক কুকামের কদু মাসি। সকল এমপি দের রাতের রানী।,0
"কিছু বক্সচদ মিথ্যা মামলাকে সমর্থন করে, এরা নাকি নীতিবান।",0
যাই বলেন চোখে মুখে পরাজয়ের ছাপ দেখা যাইতেছে,0
দেখলেই মনে হয় যেন গাঞ্জাখোর,0
শুভকামনা রইল আমার প্রিয় জন্ম স্থান মঠবাড়ীয়াবাসী।,0
"আরে কাউয়া রে. তোগো সন্ত্রাস এইডা, তোগা কুত্তা লীগ",1
শত চেষ্টা করার পরেও তাকে আমি ধরে রাখতে পারিনি ,0
যাকে আমি ভালোবাসি,0
তোরা এইসব কমেন্ট করে নিজেকে খানকি প্রমাণ কর ,1
ওর কি হাগায় ধরছে ভাই,0
ওরে ভাই আপনাদের ভিডিও অনেক সুন্দর ভালোবাসা অবিরাম,0
ভালোবাসা দিলে ভালোবাসা পাওয়া যাবে অবশ্যই এবং আমরা সবাই অ্যাক্টিভ নতুনদের পাশে আছি সবার পাশে আছি ,0
জুতার বারি তোকে দিলাম,1
বরের জন্য রান্না করছে তা সহ্য হচ্ছে না আপনাদের ,0
হাইরে হাই এই সব কি দেখতেছি,0
ওর সিমের বিচির দোষ,0
পাডা হালয় কি কয়,1
"আমি নিশ্চয়ই বাবা কে অনেক অনেক ভালোবাসি, তোবে মা মারা যাওয়ার পর, আমাকে একা করে দূরে মোটেও ঠিক হয়নি, এক জন কে মাথায় রাখলা আমাকে ফেলে দিলে দূরে ",0
তোমাদের বিয়ের দরকার কি দৌলতদিয়া ঘাটের চেয়েও খারাপ তোমরা,1
"শালা গাঞ্জাখোর এর মতো কথা. বয়কট পাপন, বয়কট?",1
ঠিক বলছেন আপু কথা বলতে ইচ্ছা করে না কাছের মানুষ চলে গেলে কষ্ট লাগে বেশি,0
বরিশাল একটা ব্রান্ডের নাম।,0
এই বেয়াদব গুলো রে জুতা দিয়ে পিটা,1
বাঁশটা জায়গা বরাবরই হইছে নিউজ ভাই.,0
ফালতু মানুষ সাথে ফালতু পোস্ট,1
কিরে শুয়োর? মাদারচোদ জুয়ারির বাচ্চা কই তুই,1
এই শতানের বাচ্চা ফালতামি করে সমাজকে কুলষিত করেছে। লুচু না হলে কেউ কাটেনা!,1
জেমন মা তেমন মেয়ে ১২ ভাতারি,1
হিরো আলমের থেকেও বেশি বিরক্তিকর এই ২ ডা মাদারবোর্ড ,1
তাহলে হাগলে কে বের হয় গু এর বদলে কি উনি ,0
ওয়াও অনেক হট ,0
অসাধারণ খুব সুন্দর হয়েছে ভিডিওটি প্রিয় আপু। ,0
বেগুন ডুকাইয়া দে,0
চাঁদ এমনিতেই আমার ভীষণ প্রিয় যখন বিছানায় শুয়ে জানালা দিয়ে সেটা দেখা যায় ভালো লাগা টা যেন আরও বেড়ে যায়,0
ওর বাপের টাকা দিবে বাইনচুত নাহিদ আর ৭১ এরা বাল পালাইসে অপেক্ষা কর দিন আইতাছে,1
প্রশিক্ষিত চটকদার শয়তান,1
বুড়া মাগী দেখলে কেউ না,1
এটা জানোয়ার লীগ নাম দেওয়া উচিৎ ,1
দেহ ব্যবসা কেমন চলে,0
"তোমায় যত দেকি ততবার বার আপুকে চুদার ইচ্ছে যাগে কি করব বল,",1
ওদের কে তিন বেলা বাইনাদে গাজা খিলাও,1
আহ জীবন,0
কয়টা হল পাইছস গর্ভবতী,0
কেয়া শাবান আমার খুব পছন্দের ,0
"ইবলিশের বাচ্চা, একটা বদমাইশ মহিলা, তার ছেলে আর কতো ভালো হবে",1
আলহামদুলিল্লাহ আমিও ছিলাম ওই জায়গায় ,0
হাত দিয়ে পমপম চিপে কেনো ,0
সখের পুরুষ কখনো সখের থাকে না। হারিয়ে যাবেই এটাই নিয়ম ,0
এই দালাল একন কোথাই থেকে আসছে দালালির একটা লিমিট থাকা দরকার ,1
"টুকাইয়ের বাচ্চার লাজ লজ্জা কিচ্ছু নাই, মাদার ফাকার ফাক ইউ",1
ভাই অনেক ভালো লাগলো। মাশ আল্লাহ আরো এগিয়ে যান,0
শিখার নিচে দিয়ে গরম ডিম দেয়া হোক,1
একটা মরিচ দিয়া দেন মহিলাটাকে,0
মানুষ পালার চেয়ে পশু পালা ভালো।,0
মাশাআল্লাহ তোমরা চার জনই অনেক সুন্দর,0
"ওদের ধানের উপর মুতে দিলাম, আজ থেকে গমের আটা খাব ",1
আমার চেটের বাল ,1
পৃথিবীর সকল মা বাবা সুস্থ্ থাকুক ভালো থাকুক আজীবন আমার জীবনের সব সুখ সব আয়ু তাদের হোক ,0
কেউ হাসে না বরং চামচা গো থু থু দেয়,0
অসাধারণ দৃশ্য। চমৎকার হয়েছে। দারুণ দেখাচ্ছে। শুভকামনা রইলো। ভালোবাসা অবিরাম।,0
এই নিউজ টা সরাসরি গাজা বিক্রি করার।,1
বউ তো টাকা পয়সা নিয়া ভাগছে ,0
"আল্লাহ আপনি রক্ষা করুন, ফি আমানিল্লাহ",0
চোদা জাইয়া হালার ঘোরের হালা ,1
"ভাই একটু আগেও এমন হয়ছে, আমি ভয়ে আর যায়নি ",0
আপনি যে ভবিষ্যতে মাদারীপুর বিক্রি করার পরিকল্পনা হাতে নিয়েছেন সেজন্য অগ্রীম শুভকামনা রইল চোর ব্রো,1
হ্যাডা আমগো,1
গর্ধবের বাচ্চা গর্ধব,1
আফ্রিদি একটা দালাল সন্ত্রাসীদের সাপোর্ট করেছে ,1
নিজে প্রেম করার চেয়ে এইসব সুদানিরফুয়াদের কাহীনি দেইক্কা বেশি মজা পাই,1
এই কষ্ট ভুলার নয় ,0
জি ভাই বাংলাদেশে সবই সম্ভব,0
অনেক হাসির ছিলো,0
ওরে কুত্তারে কুত্তা,1
তাই আমি তুচ্ছ,0
আল্লাহ আমাকে তৌফিক দান করুক। আমি এসব মানুষের পাশে দাঁড়াতে চাই ,0
খুব সুন্দর লাগছে তোমাকে অন্তর থেকে অনেক অনেক শুভেচ্ছা রইলো তোমার জন্য তুমি খুব ভাল থেকো ঐশানী রাম নারায়ণ রাম গুরু কৃপাহি কেবল!,0
গল্প টা শুনে কান্না চলে আসছে,0
ও একজন থার্ড ক্লাস মহিলা।,1
তরে জুতার বারি দরকার,1
লজ্জা ছাড়া বেহায়া অন্য মানুষের জামাইকে নিয়ে আবার বড় বড় কথা বলে ,1
এতো পাকন্নামি করে গুরু নেওয়া যাবেনা,0
না না সুন্দর খুবই সুন্দর ফসল,0
এই গানটা আমি অনেকবার শুনেছি। গানটা শুনলে মনের ভিতরে অন্যরকম ভালোলাগা কাজ করে। শুভকামনা রইলো।,0
বাংলাদেশ নিয়া কথা বলার কে তুই শালা,1
মোজা পেয়েছি ভিডিও দেখে ,0
"পৃথিবীতে সত্যিকার অর্থে আপন কেউ নেই, সবাই যার যার স্বার্থ নিয়ে চলে",0
এই শালার ঘরের শালারা কল তোরার জ্বালায় ফেসবুকে ঢুকতে পারি না,1
অকে সবাই আনফলো করে দেওয়া উচিত,0
পাশের মাগির বেটারা কি দাঁড়াই খেলা দেখতেছে কিছু কইতে পারল না মাগির বেটারেরা ,1
এখন সঠিক সময় এসেছে এই দরনের মহিলাদের বিচার করা দরকার৷,0
পোস্ট দাতা হচ্ছে খানকি মাগির পোলা ,1
তুই হচ্ছিস সব থেকে বড় লুচ্চা,1
তুই ত লেংটা হলেই পারস,1
তুদের হেডা,1
এদের নিয়ে পোষ্ট দেওয়া মানে সমস টুকুই ডাষ্টবিনে ফালানো।,0
পূর্ণতার হাসি,0
আমার মনে হয় মেয়েটি নষ্ট হওয়ার আগে আপনি বিয়ে করে ফেলেন কেননা কেননা আপনার আর এত জ্বলছে,1
হ্যাঁরে তুই দড়ি খেলা দেখাতে এসেছিস নাকি তোর বল দেখাতে এসেছিস,0
লুচ্চা মামুন,1
অন্যায় যে বা যারা করছে তার বিচার অবশ্যই হবে একজনের জন্য তো পুরো দল বাদ দেয়া যাবে না,0
ওরে বাটপার ,1
"সেই অভাগাটা আমি ভাই, যেইটাই চায় সেইটায় হারায় কি একটা আমার জীবন ",0
"খনিকের পোলারা ওয়েট কর, তুগো বাঁধ হেডার ভিতরে দিয়া ভরে দেমু!",1
গনহারে পুলিশ হত্যা এবং সাধারণ জনগণের হত্যার বিচার আগে করতে হবে।,0
কুত্তার বাচ্চারে সাংবাদিক বলতেও লজ্জা করে,1
খইলো নু বালা অইজিবো,0
"ভালোবাসার গভীরতা কোনো বাহ্যিক প্রাপ্তি বা জাঁকজমকের ওপর নির্ভর করে না। তা হলো নিঃস্বার্থ একটি অনুভূতি, যেখানে হাজার টাকার সাইকেলের পিছনে বসেই আপনি পৃথিবীর সেরা আনন্দ পেতে পারেন!",0
শালা কুত্তার বাচ্চা শালা ভন্ড,1
পেতনি পেতনি লাগে সত্য টা বলছি,1
"ছি ছি ছি দুনিয়া টা কি করছে এরা, ঐ মহিলা তো পুরা বস্তির ফকিন্নি,",1
মা কে তো সব থেকে বেশি সুন্দরী লাগছে মাশাল্লাহ,0
দেখ তোর আসল চেহারা,0
প্রিয় মানুষের শন্যতা পৃথিবীর কোনকিছু দিয়ে পুণ্য করা যায় না!,0
এই সালা কনো সাংবাদিক নাকি আতংকো,1
ইন্ডিয়ার মিডিয়া নিজের চরকায় তেল না দিয়ে বাংলাদেশ নিয়ে গুজব ছড়াতে ব্যস্ত,1
মাদারি পুরের চুর।মাদার সুদ পরিবার,1
একদিন দেখি ওড়না নাই অন্য দিন দিকি হিজাব আহা ,0
খানকি তোর একটুও লজ্জা নাই,1
ওনাকে জিজ্ঞাসা কড়া হইছে দেখেই বলছে নিজ থেকে তো বলে নাই।,0
মেধাবিরা লুটিয়ে নিলো সাধারণ রা চেয়ে গেল,0
হু হু সিলিম লাগতাচে,0
পছন্দ ভালোবাসা যেমন তেমন টার্গেট শুধু মুতার জায়গায় গুতার তাল ,1
কেউ কি পারছ না ধরে ঠাস করে ভরে দিতে,1
"জেদি আর রাগী মানুষ নিজেও শান্তি পায়না, কাউকে শান্তিতে রাখতেও পারেনা। এরা অভিসপ্ত।",0
ওনি হলো একটা চরম বেয়াদব।,1
সবই টাকার লিলাখেলা,0
ঠিক এই মেয়েটাকে নস্ট করে দিছে বিয়া দপ রা,1
গান্জা খোর গান্জা খেয়ে কুল ফায় না আবার আইছে শিক্ষার্থী দাবি করতে ছি ছি ছি,1
নষ্ট ফ্যামেলী নষ্ট ছেলে মেয়ে। এরা এগুলো করে ভিউ কামানোর জন্য। এটা টাকা ইনকামের পথ।,1
নাদান পোলাপান কয় কী,0
আর সবার মাঝে মরিচ ঢালেন নাইলে ওর জ্বালা,0
"আমি হঠাৎ টিভি খুলে প্রথমে এদের ব্যাটিং দেখে মনে হইছে, টার্গেট ১১৬ আর এটা বোলিং পিচ",0
নোবেল টা এখনি নেবেন না বড়ি দিয়ে আসবো ,0
লুচ্চা + লুচ্চনি,1
আল্লাহর গজব পড়ুক যে বা যারা এই কাজ করেছে আমিন,0
বাংগালী পাদ দিলেও সেটা ইতিহাস ,1
দুচির ভাই বাঙ্গুদের আবেগে হাত দিছে।,0
"পবিত্র পাপী, খনিকের পোলা",1
আপু আমার ধোন দাঁড়াই গেছে তুমি কি আমারে একটু খাওয়াইবা,1
যারা বস্তির ছেলে জন্ম ঠিক নাই তারা এসব নাটক করার জন্য মদ দেয়,1
বিউটিফুল ভিডিও অনেক সুন্দর,0
একদিন আসো খেলি দেখি তোমার কতো জোর আছে ঠেলা সামলাতে পারবা তো ,0
আমার অনেক হাসি পাচ্ছে আমি এখানে আসলে কি আমার পাপ হবে  ,0
"এই সালার টুনটুনি ঠিক করার দরকার নাই, হালার চরিত্র খারাফ ",1
বড়লোকের বেডির বড় বড় দুধ,1
মৌমিতা আপু আজ নিজেকে পুরুষ বলতে লজ্জা লাগছে ,0
এই সুদানির পুত তোরা এতোদিন কোথায় ছিলি,1
আপু মনে হয় সামনে পর্নোগ্রাফিতে বাংলাদেশকে প্রেজেন্ট করতে যাবে ,1
এই লোক চিটার কয়েকবার গ্রেফতার হয়েছে।,1
শালারা দেশটাকে খেয়ে ছেড়েছে!,1
একদম ঠিক আছে বিড়ির দাম বেড়ে যাওয়ায় ভালো,0
পিচ্চিটার চাওনি অনেক সুন্দর,0
হায়রে চোরের দল,1
তোমাকে পাওয়ার যুদ্ধে শেষ বাঁধাটা তুমি নিজেই ছিলে!,0
পাগলচুদা হুদাই চিল্লায়,1
"এই গান শুনতে শুনতে জীবনটা তেজপাতা হয়ে গেছে, একদম ভাল্লাগে না, ",1
যত সব ফালতু পোষ্ট,1
খানকির পোলা,1
আপনার ভিডিও অসাধারণ চমৎকার ,0
সত্যি দুঃখ জনক,0
ভীতু দিয়ে কখনও বিপ্লব হয় না। জ্ঞানীদের কথা,0
মরে গেলে তালাক কি ভাবে দেয় ,0
সব কয়টা মাদারবোর্ড,1
ভন্ডটা কি সুন্দর ভং ধরছে,1
বয়কট এসব রুহানি সন্তান দের,1
এদেরকে দ্রুত বিচারের আওতায় আনা হোক,0
আহারে মানুষ। কী প্রজন্মে পৌঁছেগেছি আমারা ,0
ভাইয়ার এক্সপেকটেশন জেনো সাপের খেলা ,0
মানুষ হারিয়ে গেল এই সুন্দর স্মৃতি রয়ে গেল ,0
বাংলাদেশের প্রথম সারির সব প্রতিবন্ধি কে দেখে ভালো লাগতেসে।,0
"আবর্জনা,",1
"ভারি হয়ছে, হাঠতে পারছে না, তবে ও ভাইকে মাটিতে রাখতেছে না বোন।",0
কি কন ভাই। আমরা চাঁদে যাওয়ার চিন্তা করতেছি আর আপনারা আছেন আলু আর চাল খাওয়া নিয়া।,0
ভালোবাসা সুন্দর। দুজন দুজনের ভালো লাগা খারাপ লাগার গুরুত্ব দিলে জীবন সুন্দর। ,0
আর উনি এই কথাটি আপনার সাথে যখন ডেট করছিলো তখন বলেছিলো বোকাচোদা ,1
আগে নাটক দেখলে চোখ দিয়ে পানি আসতো আর এখন নাটক দেখলে টুনটুনি দিয়ে পানি চলে আসে,0
এই মহিলা যে কি পরিমান মিথ্যাবাদি আল্লাহ এই মহিলাকে হেদায়েত দান করুক,1
কাপড় তোলা লুচ্চার বাপের।,1
যদি কখনো শুনেন আমি আর নাইআমায় মাফ করে দিয়েন আর মন থেকে একটু দোয়া কইরেন,0
পথেঘাটে বাজারে নিশিদ্ধ পল্লিতে জন্ম নিয়েছে আওয়ামী লীগ ,1
"হাওয়ার পোলা ওই বুরা বেডির নাম লায়লা, তুই লেলা কস কে?",1
চোরের মায়ের বড় গলা,1
তুমি মানে তুমিই ! তুমিতেই আমি! তুমিতেই শান্তি ,0
যে মানুষগুলা পুরা জীবন তছনছ করে দিয়ে চলে যায় তাদের কি,0
জনির কাসে পাঠে দাও,0
আজকে গোপালগঞ্জ বাসীর জন্য হবে লাইলাতুল ব্যাটিংর রাত।,0
ধুর দালাল এখন আইসা অন্যের দোষ দিতাছস দালালের বাচ্চা দালাল ,1
ভাই তোমাকে ধন্যবাদ কয়েকটা কুকুরের বাচ্চা,1
মাংগের নাতি আদু ভাই,1
আরেক বেয়াদপ মহিলা,1
খানকির পোলা তুই,1
গরীবের সুখ কপালে সয় না,0
জালিয়াতি করলে আজ আমাদের জীবন ও সুন্দর হতো,0
তাতে কার কি যায় আসে স্বার্থপর কখনো অন্যের টা চিন্তা করে না তারা নিজের টা ই ভাবে,0
ভিডিওটি ভালো লাগলো ভাই যার জন্য বন্ধু হয়ে গেলাম,0
চোর দাড়াইতেছে ভোটে। ,1
বাটপারের বাচ্চা একটা,1
সাউআর নেতা আসছে।চোরের বাচ্চা চোর,1
আলহামদুলিল্লাহ তার দোয়াই হয়েছি এখন দেশে যাওয়া বাকী,0
তুই তো বেইমান কাল নাগিনী,1
অপূর্ব পোস্ট।,0
মগজহীন,1
"আরি সালা কি দেখলাম এক্কেরে দাড়িয়ে গেল যে,",0
সব গুলা মারা খাওয়া মারানী,1
"আমার মা কে নিয়ে এখন এইরকম টেনশন হয়,",0
মনে হয় একটা পরী নামলো আকাশ থেকে ,0
ভালোবাসা প্রকাশ করলে মানুষ হারিয়ে যায়,0
জীবন বাঁচানো ফরজ ,0
মানুষ কত অমানুষ সেটা প্রমাণ পাওয়া গেছে ,1
অসাধারণ অভিনয়টা আপু।,0
আমার দেখা সেরা অশিক্ষিত মেয়ে,1
লোভী মহিলা,1
শাকিব খান পচা ডিম,1
এ হালায় বেইমান,1
"তাহসান জাস্ট একটা অমানুষ,তা না হলে কি করে আবার অভিনয় করে ওর সাথে",1
সব সুদানীর জী তখনই বুঝে।,1
উনি সেই বন্ডমাথা যিনি গর্ববতি না হয়ে সন্তান পয়দা করেন,0
বাল ওয়ালী চাই একটা,1
তোমার ভিডিও দেখে আমি এত পরিমানে হাসি আমার খারাপ মন ভালো হয়ে যায় তোমার ভিডিও দেখে,0
বাংলাদেশী মিয়া খলিফা ,0
এই শহরের বুকে জালাল মান্দারনাতী তগো চোদ্দগুষ্টি দালাল,1
সাংবাদিক হইল মাগির মাগির বাচ্চা,1
জীবনে কত বিষাক্ত কাল নাগিনী নিয়া ঘুরছি„রাসেল ভাইপার তো কিছুই না!,1
বিশ্বের এক নম্বর দুইটা বেহায়া।,1
এতদিন ছিল মা এখন আছে বাপ লজ্জা নাই এগুলার,0
"চুপ থাক, বেয়াদপ কোথাকার। কেক বানানো ভুলিয়ে দেব",1
আমি বলছি তোদের জন্য কুত্তার সোনা পাঠাইতাম নি,0
আপনি মনে হয় খাট কাঁপাতে পারবেন।,0
ওরে শয়তান শয়তান আর শয়তানি করে না তুই করো বুঝে গেছি,1
সুন্দর একটি ভিডিও শেয়ার করার জন্য ধন্যবাদ,0
গাছ যেমন ফল ও তেমন কয়েক দিন পরে একটা পতিতালয় চালু করবে সরদার থাকবে মামুন এর মা ,0
এখন পুঠকি দিয়ে ডিম থেরাপি অবশ্যম্ভাবী হয়ে গেছে?,1
কানের নিচে ঠাস কইরা ২টা দিলেই উল্টা পাল্টা বলা ছুটে যাবে ফাউল,1
একজন হারামজাদা,1
তেলটা সত্যিই খুবি ভালো,0
মুতার জায়গায় গুতা ঠিক বয়সে পড়লে ১৬ বছরের একটা মেয়ে থাকতো,1
সুমন ভাই সত্যি আপনার ভিডিও গুলো দেখে আমরা অনেক কিছু জানতে পারি ধন্যবাদ প্রিয়ভাই আপনাকে ,0
যে বান্দির পোলা ছাড়ছে ওয়ে আরেক আচুদা নটির ঘরে জন্ম। হালার পুত গান দিয়া ছাড়ছে।,1
আহ্ কি সুখ ,0
মানুষ কথা দেয় শুধু মূহুর্ত কে সুন্দর করতে ,0
বিপুল স্যারের মেয়ে প্রমা,0
এই শালায় পাবনা কারো থেকে কিভাবে ছাড়া পাইল,0
নির্লজ্জ বেহায়া আর অসভ্য একটা খানকি,1
কথা টা শুনতে খারাপ হলেও সত্যি অধিকাংশ আর্জেন্টিনা ফ্যানরা মুর্খ বোকাচোদা হয়,1
সব কালপিট গুলোর শাস্তি চাই,1
বাঙ্গালী জাতি হিসেবে আমি আজ লজ্জিত,0
দালাল বান্দির পুলা তোদের খতা বিশ্বাস করবে মানুষের ঈমান চলে যাবে সালার পুত,1
"সালাহ ঠিকই বলছিস, তুই বাইঞ্চদ",1
"ঠিক এই ভাবে আমিও বলেছিলাম আজ আমি তার  রাণী,",0
ওয়াও অসাধারণ আপু আপনার ভিডিও গুলো অস্থির ভালোবাসা অবিরাম প্রিয় আপু ,0
"মাশাআল্লাহ আপনাদের সবাইকে অনেক সুন্দর লাগছে, আপনাদের সবার প্রতি ভালোবাসা অবিরাম ",0
এই হলো তোমার ইমান তুমি রাজনিতি না বুইজা ই এমপি হইয়া গেলা আর এখন আসছো নাটক চোদাইতে,1
দুইটাই দামড়া ,1
মজা পাইছি ভাই সুন্দর ভিডিও,0
হাসাইলি শয়তান,1
"শিক্ষিত বেয়াদব, ভাইরাস হওয়ার এমন করছে।",1
কিরে তোর মাআম্মা পুত তোর মাফুতে কিতা করস ওই হালা কাইরা টাকা দেখি রে,1
ডেডবডির ক্ষেত্রেও একই কথা বলেছে কিন্তু বেশি চাপাবাজীর জন্য ফ্লপ।,0
এদের ইন্টারভিউ নেই কোন সুদানির ফুয়ার সাংবাদিকরা বা কোন চ্যানেলে,1
"তোর গুদও, নেই",0
শুভ রাত্রি সবাই কে,0
তবে বৌদি কিন্তু বেশি হট ,0
যারাই পরির স্পর্শ পাবে তারাই ভূত হয়ে যাবে,1
রা তরুন প্রজন্মকে নষ্টামি ছাড়া আর কিছুই দিতে পারবে না। তাই সামাজিক ভাবে এদেরকে বয়কট করা উচিত।,1
ভাইরাল হওয়ার নিনজা টেকনিক নাজিম তানিশা,0
"দালালের দালাল, পাকিস্তানের বংশধর",1
তিনি তো এখনো বাইরে স্বাধীনভাবে ঘুরতেচে ,0
লজ্জা থাকলে ইন্ডিয়া আসবে না চিকিৎসা করানোর জন্য,0
আমার নাম ছিলোনা আল্লাহ বাঁচাইছে ,0
ইত্যাদি ভুয়া শিল্পী ও প্রমোট করে।,1
জনি সিং এর কাস্টমার বুঝাই যাচ্ছে পাড়াদের রাতের খাবার,0
এই ছেরি গোছল করে না দেখে মনে হয়,1
"২৭ তারিখ পরীক্ষা আছে,, হাতে আছে একদিন তাও ফোন নিয়ে বসে আছি। এই জীবনে এই কাল আর আসলো না। ",0
এই মাদারবোর্ড এর শরিলে এত কারেন্ট কেন,1
লাভ ইউ শ্বেতা দি শুধু যে তুমি সুন্দর তা নয় অনেক গুণী মে তুমি,0
উফফ!,0
"ক্ষমতার লোভে সৈরাচার সরকারকে সমর্থন করেছে,",1
ভাইরাল হওয়ার জন্য শাকিব খান নাম টাই যথেষ্ট সব ভাইরাল হওয়ার ধান্দা,0
এই মহিলার কথা শুনলে আমার বমি আসে,1
"আমার চাওয়া প্রিয় মানুষটাকে, কেউ একজন না চেয়েই পেয়ে যাবে!",0
মাছের দাগার ফুটো আর বৈশাখীর নাভির ফুটো অনেকটা একইরকম লাগ যাই হোক শুভ জামাই ষষ্ঠী ,0
বোতা দা দিয়ে কাটলে ব্যাথা পাইবেন দেইখা ধারালো দা দিয়ে কেটে দিছে,0
হেলমেট বাহিনীর পুটকি দিয়া রড ঢুকানো উচিত। মাদারচুদ রা আগে পুলিশলীগডিরে দর,1
থাকবে কি করে সমানে গুতা নিলে শক্তি আরো বাড়ার কথা,1
পুটকি মারা সারা,1
তোর দুইটা পুটকিরিতে কাঁচামরিচ লাগানো যাইতো তুই ঠিক আছে,1
যখন কেউ আমার সামনে তার আব্বুকে আব্বু বলে ডাকে তখন আমার বুকটা ফেটে যায় ,0
"হারাতে দিলে মানুষ হারায়, রাখতে জানলে একসাথে শেষ সূর্যাস্ত দেখা যায়!",0
ভূতের মুখে রাম নাম,1
আজেবাজে পোস্ট এর মারে চুদি,1
"আল্লাহ যাকে সম্মানিত করেন, কারো সাধ্য নেই সে সম্মান কেড়ে নেয়ার! আলহামদুলিল্লাহ!",0
প্রিয় মানুষের ভিডিও গুলো দেখলে খুবই ভালো লাগে। তাই ওনাদের প্রত্যেকটা ভিডিও দেখে ওনাদেরকে অনুসরণ করি। অবিরাম ভালোবাসা নিবেন প্রিয় ,0
গর্বিত পিতার ক্লিভেজ কন্যা।,0
ভাইয়া আপনার পিছের ছেলেটা কে হয় সব সময়ই দেখি আপনার পিছে থাকে,0
আমরা দেখতে চাই রেন্ডি মাগি,1
এই এক আওয়ামীর দালাল ধর্ম ব্যবসায়ী,1
আপনি যে এইভাবে খবর পড়েন। আপনার হাসি পায়না?,0
ঠিকই কথা বান্ধবী না সতীন,0
এখন তো মনে হইতাছে পৃথিবীর সমস্ত ড্রাইভার রা কপি করে ,0
এমন ভাবে চেয়েছি বলেই আজ ঠকে গেলাম,0
ইয়ামাবুদ গালি কন্ট্রোল করার শক্তি দাও ,0
কুতার বাচ্চা পুলিশ তোদের কে ঘৃনা করি,1
এইটা একটু বেশিই সুন্দর ছিলো,0
"কে তুরে দোয়া করে,অভিশাপ দেই তুই ভালো থাকবিনা",1
ধরে নিয়ে পাগলা গারদে দিয়ে আসা উচিত অভদ্র একটা মহিলা,1
সহবাস করে দে কেউ তানিশারে,1
তুই বাল পালাই আটি বদিস মানদার পো,1
হাঁচি দেওয়ার আগ মুহূর্তে উরাধুরা কোপা,1
আমার মনে হয় রাসেল ভাইপারের আতংক না থাকলে আজকের খেলাটা আমরাই জিততাম।,0
কত বড় অভাগিনী এই মেয়েটা। ,1
সাকিব ঠিকই বলছে বাংলাদেশ ২০০ নেওয়ার খেলোয়াড় না টি-২০ তে,0
"খানকির পোলারা তোরা আমার ভাই বোন কে এবাবে মারিস না, তোগো খাবর আছে",1
এই শালা কি সস্তা মাল খেয়ে আসছে নাকি বে,0
বিশ্রী মহিলা!,1
ওই ফকিন্নির পোলা ফালাইছে কই,1
এই নাটক টা এখনো শেষ করে না কেন। বাজে নাটক একটা,1
ভালোবাসা অবিরাম,0
ভাই সত্যি বলতে তাদের হাওয়া ভবনের তিনটি সিট দখল হয়ে গেছে। ,0
খুনির হাত সব সময় লাল হয়,0
এটা কি ছিলো মাহি আপু,0
বাপ বেটা কি বোকা চুদা নাকি ,1
আমি মনে করি ওনি পাগল ছাড়া আর কিছু নয়‍,1
লুচ্ছা একটা বন্ধু চাই ,1
আমি দেখেছি আপু,0
"জারজের বাচ্চা রা দেশে যা শুরু করছে,",1
"এটা অতি বারাবাড়ি, অতিরিক্ত কোনকিছুই ভাল নয়।",0
আরেকজনের স্বামী কায়দা নিয়া ঘর করে লুচ্চা মাছ,1
পুরা হট দেখা যাইতেছে ফিতা দেখা,0
এ পাক্কা গাঞ্জা কাইছে এরে তামাও নাইলে পুটকি লাল হইতে বেশি সময় লাগবে না,1
"হাসতে হাসতে সেষ আমি, আরো ভিডিও চাই ভাই ",0
হিজরার মতো লাগে আগে সুন্দর লাগতো।,1
পিস তল নিতে আসছে মাং গের পোয়া বেডারা বুঝে,1
এইসব শালার পুতেদের কারনে বিএনপির বদনামী,1
সমাজটাকে নষ্ট করল এরাই।,1
"মনে কষ্টের পাহার, মাথায় হাত রাখার মতো মানুষ নেই",0
এমন মজার মজার জোকস শুনতে আমাদের সাথে থাকুন।,0
এই বোকাচোদা কয়কি,1
বেলজ্জা মা ছেলে ,1
"একটা মেয়ে হয়ে আরেকটা মেয়ের এরম নৃশংস ব্যাপার করেছে,",0
এডা কি বেডি না ডাইনি,1
বোম্বের হিজরা,1
আর চিনতা নাই নিজের পতি কনফিডেন্স ফিরে পাইছি।,0
হারাজদা গাঁজাখোর ,1
ভাষা হারিয়ে ফেলছি রে ভাই ভিডিও টা দেখে,0
মাদার চোদ সালারা,1
ধুরো হারাম জাদা কইলো ডা কি ,1
দোয়া করি সে যেন তোমার মত এতটা অসভ্য ও নির্লজ্জ না হয়।,0
জোকারের থেকে জঘন্য মাদারবোর্ড,1
ব্যবহারে বংশের পরিচয় এর ব্যবহার শুনলে বুঝা যায় যে কোন বংশের মাইয়া,0
দোষ করল কে!,0
হুমোনদি কামডা করলো কি,1
দালালের বাচ্চা বলে কি,1
পৃথিবীর সব গোলাপ আমার হতো,0
কতটা ভয়ংকর নারী আল্লাহ,1
খুব সুন্দর ভিডিও আপু ,0
৪ নং টা সবচেয়ে সুন্দর,0
গোয়া দিয়ে দম বের হয়ে যাবে।,1
চুতমারানির পুত এ দালাল.,1
বিভিন্ন ধরনের মিথ্যা মামলা দেওয়া বাংলাদেশের পুরনো অভ্যাস।,1
আরে ফকিননির পোলা আর কত কি দেখায়বি,1
"অনেক রাজ্য জুড়ে পুটকিমারা দিয়েছে তো, তাই এই নামটা মনে হয়েছে।",1
এমন একটা জল হস্তি নদী থেকে লোকালয়ে আসলো কিভাবে,0
সময় আমাদের জীবনের কোনো কিছু নষ্ট করে না! শুধু শিখিয়ে দিয়ে যায় বাস্তবতা কি!,0
হোগার উপর কামড় দিলে পুরস্কার পাবা আনে,1
খুবই মজা পেলাম ভিডিওটি দেখে,0
আমার ওজন বেশি হয়ে গেছে।রিক্স নিতে চাচ্ছি না,0
এই মেধাবীরে একবার লাগাতে চাই প্লিজ,0
তুই আসলেই বুকাচোদা একটা,1
"এই শালা মাথা ইডিট করেই ভাইরাল,",0
নাভিদের বাচ্চা ঢাকা শহরে কোথায় ছিলে টোকাই,1
"ভাই তুই ছ্যাকা খাবি, হাসিনা মুদির আকাটা টা নিতে বেশি পছন্দ করে, তাই তো মুদির কাছে গেছে রাত্রে খেলায়।",0
বেশশা হইয়া ফিরে আসছে ,1
এই সালাগো কোন সরমবরম নাই কেমনে আসে মিডিয়ার সামনে,1
খুব শীগ্রই বাংলাদেশ থেকে গরীব দূর হবে ইনশাল্লাহ ,0
বাপের পুটকি মাইরা দিছে,1
ওকে ডিম থেরাপি দেওয়া হোক,1
কুত্তার বাচ্চা ,1
দু্দ দেখাই সালাম দিতেছোস কেন আহারে খনিকের মেয়ে ,1
বাল না গজানোর আগে তাবাল হলে যা হয় আর কি,0
এটা একটা বেয়াদব মেয়ে। সত্যি ই একে কি শিক্ষায় বড় করছে এর বাবা মা।,1
"এটা, খানকির পোলা",1
কুওার ধনটা লিপিসটিকের মত উননতমানে,1
কাকিমা বল ডান্স করছে,0
তুই আর কোন নতুন করে ভিডিও দিবি না তোর সাথে ফেসবুকে ঢুকতে পারি না চুতমারানি,1
মুদি দাদুর নতুন বৌ বলে কথা ,0
ওয়াও। মাশাল্লাহ আপু তোমাকে অনেক সুন্দর লাগছে,0
তুই রাজাকার সালা ,1
"এই কুত্তার বাচ্চা গুলো আগামীতে কি ধরনের লুটপাট করবে, তার একটা ছোট্ট নমুনা।",1
তোদের মেন্টালের সমস্যা আছে বুঝছোস কুরবানির গরু নিয়ে তোরা তামশা পাইছো,1
"সে যেদিন যায় ভালো যায়, শুভকামনা রইলো আপু",0
নোটির ছেলে,1
কোনহাইন্দা হোগা মারছে বরিশাইল্লারা,1
"চোরার ফাঁসি হওয়া দরকার, ড্রাইভার শতকোটি টাকার মালিক।",1
আমার বাবা সেদিক থেকে খুবই ভাগ্যবান ছিল।,0
আমার ঘর বাড়ি কিছু নাই বাজান বন্যায় সর্বহারা এক মায়ের আর্তনাদ!,0
শেষ হাসিটা সুন্দর ছিল ,0
প্রথমে মনে করসি আপনার জান,0
চমৎকার একটা ভিডিও অনেক অনেক শুভকামনা ও ভালোবাসা রইলো আপনাদের জন্য,0
ওয়েস্ট ইন্ডিজে কি গে নাই হালাগরে মোটা ধোন দিয়া পুটকি মাইরা দিত,1
আমার বর এর কারন কোনো শালী নেই কারণ আমি সবার শালী ,0
দেশের মানুষ এর আর কোন কাজ নাই। সব সময় মানুষের বৌ নিয়ে চিন্তায় থাকে।,0
ধোনের ভিডিও বনাইছো ভায়া সেই হইছে,1
অনেক সুন্দর করে সত্যি কথা গুলো উপস্থাপন করেছেন ভালো লাগলো অনেক ধন্যবাদ।,0
একজন নির্যাতিত মহিলাকে নিয়ে এভাবে মজা করা ফ্যাসিবাদের প্রেতাত্মার পরিচয় বহন করে।তোরা হইলি ছরম পরিমানের ভেয়াদপ।,0
শালার গায়ে কি ময়লা ,1
তোর মা বাবা জীবনে ভুল করছে তোকে জন্ম দিয়ে,1
এগুলা মেসেঞ্জারে সেক্স করা মেয়েরা,1
ওরে মাদারবোর্ড ,1
"নাটক কম করো প্রিয় তোমার লেবরা ভাই মামুনের সেলুনে কি বাল ফেলাতে যায়,",1
এই মাঙ্গের নাতি রে কোন ভাবে পৃথিবীর বাহিরে ড্রপকরা যায় না,1
শুয়োরের বাচ্চা সব,1
"দিনে দিনে তোর গলা আর গায়কীর ভক্ত হয়ে উঠেছি রে মা! কি অসামান্য যে গাইলি! যদি সাহস করে মনের কথা বলি, মূল গানটির চেয়ে কোনো অংশে কম লাগলো না (শ্রদ্ধেয় হেমন্ত কুমার শুনতে পেলে স্বয়ংও বোধহয় তাই বলতেন)।",0
কিছু কিছু মেয়েদের জন্য আমরা মেয়েরা কলঙ্কিত হই,1
এদের কে আর কত গালি গালাজ করব ,1
"আমার আকুল আবেদন, ওনার তল দেশে মরিচের গুঁড়ো দেয়া হোক,",0
এরা দেশের কলঙ্ক জাতির কলঙ্ক সমাজের নোংরা কিটপতঙ্গ দূগন্ধ ছড়ায় সব জায়গায়,1
মাদারচোদ অনেক ইউনিভার্সিটিতে অস্ত্র রাইকা চলে গেছে ছাত্রলীগের পোলাপাইন,1
তানিশার চোখ লুচ্চা ছেলে দের মত,1
এক নাম্বারের সুদানিরফুয়া,1
ধুর বাল কি উল্টা পাল্টা বলেন। আমার তো দেখলেই দাঁড়ায়। আর লেংটা হয়ে সামনে আসা তো অনেক দূরের ব্যাপার,1
"অসাধারন, অপূর্ব, তুমি অনেক বড়ো হও আশীর্বাদ করি! ",0
এই ভয়ানক খুনি হাসিনা কে এখানে এনে রাখা হুক,1
বুড়ো শালার পুটকিদের টাকা ঢুকিয়ে দেবো,1
অনেক কষ্ট লাগলো আপু দোয়া করি ইনশাআল্লাহ সবসময়ই ভালো থেক,0
ভাইরে ভাই এত লুচ্চা মেয়ে দেখছি এরকম মেয়ে তো কখনো দেখিনি,1
কেঁদে আর সুখ পাইলাম কই। হেঁসে না হয় দুঃখকে আপন করে নিলাম।,0
পায়ে ধরেও কিছু কিছু মানুষ কে ধরে রাখা যায় না,0
দুদুকের চোখ কানা মনে হয়,0
অনেক সুন্দর হয়েছে আপু আপনার ভাইয়ের মতন ভাই পাওয়া ভাগ্যের ব্যাপার,0
যেরকম নাইকা বস্তি গান ও বস্থির মত যতসব ফালতু,1
আর একটু বেশি সময় থাকলে ভালো হয় ,0
চুলের গুহায় মুখ না দেয়া আমি,0
বাওতা বাজি বন্ধ কর,1
চোর বাটপারের গুষ্টি,1
"বেচারা শুধু শুধু পরিমনীর ভুলের জলে ডুব দিল, তোমার রুপের আগুন তাকে কি স্পর্শ করতে পারে নি",0
নেশাখোর সালা ,1
আপু সো হট,0
এক চোর গেছে হাজার চোর রেখে,1
এ নারী বেহায়া নির্লজ্জ,1
"আরে হাতিকা মাগী এতো পর কই থেকে বের হইলি, তোরে তো পাবলিক চুদে দেবে",1
আমার বাড়া আছে নিবা,1
"খেতে গেলাম তিশাকে না, খেতে নিয়ে গেলাম তিশাকে",0
হাতুরে সিং যে রিশাদ কে জোর করে নিছে রিশাদ এখন ভালো করতেছে এটা তো তোমরা বলবা না। সালা ভিউ ব্যবসায়ীর দল সব ,1
দূর মাদারচুদ,1
মেয়েটির সাথে যা হয়েছে খুব খারাপ খুব জঘন্য নিকৃষ্ট মানের কাজ হয়েছে,0
বাংলাদেশের অভিশাপ লাগছে আফগানিস্তান এর উপরে ,1
ওকে দেখেই বোঝা যাচ্ছে ১০০ পিস ইয়াবা খেয়েছে,0
আলহামদুলিল্লাহ আমার জীবনেও এমন আপু কিন্তু আমি এখনো কাউকেই পাইনি পাশে ,0
ইলিশ তোর পুটকি দিয়ে ভরে দেওয়া হবে,1
এদের দেখলে বুমি আসে,1
আগে এমন ইনকাম করো হারাম না করে হালাল কর,0
বোকা চোদা ,1
এর নতুন নতুন দুধ মোটা হচ্ছে তার জন্য মামুনি আনন্দই আছে,1
উচ্চবংশীয় ছাগলের বেওয়ারিশ মডেল!,0
ভাই সেক্স করলে হ্যান্ডেল মারলে না ,1
বোকা ছিল এদের বাবাকে বোকা বানিয়ে গ্রামের সব মানুষের এদের মাকে চোদে,1
"ফালতু গান, ",1
ভাই তুই ইন্ডিয়ায় আসিস না তোর টুনটুনি না থাকলেও ভালো কারণ তোদের দেশের মীরজাফররা ইন্ডিয়ার বদনাম ছাড়া সুনাম করে না,1
"এমন কোনো মেয়ে আমার জীবনে আসুক যে আমাকে ঠকিয়ে বুঝাবে কেনো ভালোবাসা উচিত নয়,",0
হাজারো মানুষের মুখে হাসি  এমন খবর শুনে,0
মাশাল্লাহ অনেক সুন্দর কলিজার ভাই এগিয়ে যান আপনার জন্য দোয়া এবং ভালোবাসা রইল ইনশাআল্লাহ,0
এই জুলুমের শেষ কোথায়?,0
বুইরা ছাড়া ভাতার পায়না,1
তুই ড্রাইভারি করে বিদেশ মারাস কিভাবে!,0
দালাল কুত্তার বাচ্চা চোরের মতো পলাইছস তোর ক্ষমা নাই,1
ঐ বাল দিয়া কি করমু?,1
এখন এটা তুলে বুবুর তলদেশে ভড়ে রে দেওয়া হোক ,1
সর চোর,1
বস্তির বেডি,1
পয়সা লাগে না দেখে আমার মতো একটা বাজে মেয়ে মানুষ ফেসবুকে এসে পাগলের মতো কথা বলছি।,1
এদের শাস্তি হওয়া দরকার,1
এই ফালতু মেয়েটাকে বলার কিছু নেই,1
"নতুন মুক্তিযোদ্ধাদের জন্য কোটা বরাদ্দ রাখা হোক, আর পূর্বের মুক্তযোদ্ধাদের রাজাকার ঘোষণা করা হউক।",0
কি দিন আসছে. অস্ট্রেলিয়াকেও এখন বাংলাদেশের দিকে চেয়ে থাকতে হবে,0
"বেয়াদব, নূন্যতম জ্ঞান টুকু নেই এদের মাঝে",1
শালা বানচোত পুরোটাই,1
মাঝ খানের মেয়েটির নিত্য দারুণ ছিল,0
"মেয়াদ পার হয়ে যাওয়া গাঁজা খাইছে, চোদনা!",1
হেডার সৈনিক,1
পরী তো নয় যেন এক একটা ধান্দাবাজ ডাইনী,1
চদপুরের মাল চোরের দালাল,1
মাশাল্লাহ মাশাল্লাহ সবাই সুন্দরী আল্লাহর দান,0
আজাইরা ফালতু পাবলিক,1
ওকে দৌলতদিয়া পোস্টিং করা হোক।,0
যাবৎ জীবন কারাদণ্ড দেওয়া হোক সকল খুনীদের,1
১২ ভাতারির ফল,1
তোর জন্মের দোষ আছে!,1
আকাম করবা তুমি আর টাকা দিবে পাবলিক ,0
এই আইডিটার পুটকি লাল করতে হবে,1
চোররাই সবসময়ই সাধুর ভেস ধরে,0
তোর বাপ চোর.,1
তুমি আমার ভালোবাসা তুমি আমার শান্তির জায়গা অনেক ভালোবাসি বর জান তোমায় ,0
এই মহিলা মেয়েটার জীবন শেষ করে দিচ্ছ,0
ম আকার মা ল বাল,1
"তখন আমার আবেগ কাজ করছে বিবেক কাজ করে নাই,",0
আহারে বেচারা মেয়ে হয়ে বেঁচে গেছি ,0
এই বেডি তো উচ্চ লেবেলের বেয়াদব,1
নাটক বাজ রাক্ষুসী ডাইনির ,1
মহারানী,0
"মাদারীপুর নিয়ে আমার পরিকল্পনা মারাও, দূর্নীতিরটাকা নিয়ে মানব সেবা করবার লাগছো",0
জাতি হিসেবে আমরা অসভ্য তা না হলে এমন কাজ কেউ করতে পারে,1
তোরা কুত্তার বাচ্চারা দেশটাকে জাহাননাম বানাই ফেললি!,1
সঠিকতা বলেছো সেটা মেয়ে হোক বা ছেলে,0
বাংলাদেশ কে আবার তছনছ করে দিতে,0
আমি কোনো দিনই তাকে খুনি বলবনা,0
নেংটা পিক দেও একটা ,1
কপাল ভালো বলে এমন একটা বউ পেয়েছিলেন ভাইয়া। ,0
ওরা হাগে রোডে আবার মুভি ,0
আপনাদের নেতা কর্মীদের রশির মাধ্যমে ঝুলিয়ে রাখার জন্য।,1
অতিরিক্ত কোন কিছুই ভালোনা। এর বিচার হবে একদিন।,0
ভাই আগে দাদিরে কয়েকদিন খাইতে দেন তারপর মাঠে নামতে কন ,0
লবণ দেখতে যেমন চিনির মতো. কিছু মাগী দেখতে তেমন পরীর মত.,1
ফালতু,1
আহারে বেচারা  মেয়ে হয়ে বেঁচে গেছি ,0
"ব্রেকিং নিউজ গাঁজা সংকটে বাংলাদেশ, মিলছে না কোথাও। পূর্বের মজুদ কৃত কয়েকটি দোকানে সাংবাদিকদের উপচে পড়া ভিড়। ",0
অনেক লাইক করতাম তাহাসান কে।কিন্তু এখন অনেক ঘ্রিনা করি,1
বেহায়াপনা বন্ধ করতে বিশবিদ্যালয় প্রশাসনের পদক্ষেপ কামনা করছি।,0
এইসব ভিডিওতে সমাজ নষ্ট হয় কোন শিক্ষা নিয়েও তো ভিডিওই নয় ,1
"খাটের কথা না ভেবে গতি বারানর নাম বড়োলোক, জা হয় হক গতি থামাবনা",1
দালাল এর মাইরে চুদি,1
"ও বলছে মুস্তাক তোমার ছোট,",0
এই ভাই টার মত আল্লাহতালা একদিন আমার স্বপ্নটা পূরণ করবে ইনশাল্লাহ,0
নাটক কম চুদাও হেডার পো,1
এদের বাড়ি পরিবারের খবর লও কেউ  তার গোয়া লাল করতে হবে,0
"আহ্, কুত্তার বাচ্চার কাম টা দেখছেন",1
মেহেগাভীন ,0
শুওরের বাচ্চা ও শুয়োরই হয়,1
আমি সিঙ্গেল বারোভাতারী,1
এসবও কি দেখিয়ে দিতে হয় নাকি? নিরলজ্জ যারা তারা এসব করে মোবাইলে ছারে।,0
পৃথিবীতে যার বাবা নাই সেই বুঝে বাবা না থাকার কত কষ্ট ,0
এই সব কুতার বাচ্চা সাংবাদিকদের জন্য আরো সমাজ নষ্ট হয়,1
ঢং এর কোন শেষ নেই ,1
অতীতে একা মারতো এখন সবাই মারে সামলাতে পারো না,0
কত কোটি টাকার মালিক ম্যাডাম,0
যে বেয়াদব এর শেষ নেই সেই মহিলা।,1
মহিলাকে জনসিং এর কাছে পাঠিয়ে দেওয়া হোক,0
মানুষের মেন্টালিটি কত খারাপ হয়ে যাচ্ছে দিনদিন,0
শালার পুতের চেহারা দেখ ফেরাউন এর ছোট ভাই,1
রুনাখান অনেকদিন যাবত চেষ্টা করতেছে একটা সুগার ডেডির,1
তাহেরী মনে হয় মাঠে ঘাস খায়,1
বাবা মা কোথায় ছিলো উনার সাথে মানুষ থাকার কথা আল্লাহ সুস্থ করে দিক আমিন,0
ভুলতে পারি নি ছেড়ে যাওয়া মানুষ টা কে ,0
"হারিয়ে যায় না, বেইমান হয়ে যায় ",0
বেডিরে বুড়ি বুড়ি লাগতাছে,1
আর কতো দালালি চুদাবি?আর কতো টুনটুনি চুষবি?,1
আসার সময় রাজারবাগ পু‌লিশ লাইন হ‌য়ে আ‌সিস ওখা‌নে ভা‌লো ঘোড়া আ‌ছে,0
পাডা কোন ভাষা জ্ঞান নেই,0
তোরাই আবার মারা খাইয়া ম্যা ম্যা করোস।,1
আমিও অ্যাটেন্ড করতে পারি নাই,0
বাহ্ চুদির ভাই,1
কেউ কি এর ভিডিও দেখে না বিয়ে দিয়ে দিলে তো হয় লুচ্চা মাইয়া ,1
মাদারচোদের সাপোর্ট করে কে হে ভুয়া ভিডিও দে।,1
বিড়িখোর কিছুই হবে না,0
এত বড় দুধ কিভাবে সম্ভব,0
চোরের গলা বড় গলা।,1
এই লেডিসকে ল্যাংটা কইরা. আর বললাম না,1
ওরে একটু চুদেন ভাই,1
এসব কুলাঙ্গার দের দিয়ে নাটক সাজানো হচ্ছে,1
সেরা অভিনেতা সাদ্দাম মাল,0
তুই টাকার জন্য কতটা নোংরা হচ্ছিস,1
"বলতে লজ্জাও করছে না, বাচ্চারা মাটিতে বসছে, ঘরের ছাদ ভেঙে পড়ছে, তাও খুব ভালো চলছে, ছি ছি ,",1
এদের ভিডিও কেনে আয় ভাই আমার ফোনেই বাল,1
চোর বাটপারই নামাজ পড়ে ছবি দেয় মানুষ দেখায়,1
দিদি আমার যদি মন খারাপ থাকে তাহলে দিদি আমি আপনার ভিডিও সব সময়  দেখে হাসতে হাসতে মন ভালো হয়ে যায়,0
এই ভাই টার মত আল্লাহতালা একদিন আমার স্বপ্নটা পূরণ করবে ইনশাল্লাহ,0
মেয়ে হয়ে ছেলেদের গায়ে হাত দিতে পারলে ছেলে হলে গায়ে হাত দিলে সমস্যা কি ছেলে মেয়ের সবার সমান অধিকার,0
চুদানির ভাইয়ের এতো দেশ প্রেম কিন্তু পরিবার রাখে আমেরিকায়,1
সবাই পাইছে সর্নের খুনি আমি পাইছি চোরের খুনি।,1
"এটাই হলো, ক্ষমতার অপব্যবহার স্বৈরাচারী কায়দায় ক্ষমতার অপব্যবহার।",1
নিশ্চয় তোমাদের মা বাবার ঠিক নেই।,0
ঢ্যামনা বুড়ো ,0
মনটা পাথর হয়ে গেলে এরকম ই হয় আপি,0
পমপম হেব্বি ,1
ডাইলোক একটাই বয়কট,1
রেমিট্যান্স পুটকি দিয়ে ডুকিয়ে দেব ,1
কয়েক যুগের কথা ক‍্যামনে মনে রাখছেন বিজ্ঞাপনের নাম গুলি? ,0
বুড়ি কোথাকার,0
বাচ্চা একটু কম কম দিতে বইলেন! আর কাপড়টা যেনো বিচি বাদে অন্য জায়গায় দেয়.,1
বিগ ফ্যান ভাই আপনার প্রত্যেকটা ভিডিওতে নিয়মিত গালাগালি করি। ,0
জাতি এত তাড়াতাড়ি সবকিছু কেমন ভুলে গেলো!,0
বনের আগুন দেখেতো সবাই দেখেনা মনের জ্বলন কতোটা গভীরে জ্বলছে আগুনহৃদয়ে  হচ্ছে  দহন.,0
বুজলাম এটা কি স্লোগান দিল,0
রাতের বাগিনি,0
পাবো না জেনেও অনেক ভালোবাসি ,0
খনিক এর ছেলে খুবই অশিক্ষিত,1
"বস্তি, ভালো হবিনা তোরা,",1
সুন্দর একটা নাটক,0
এরে আইডল মানা ভোদাইদের খুজতেছি ,0
এটাই বাংলা দেশের সভ্যতা,0
আপনার জন্য খুব খারাপ লাগে আপু,0
একটা ছাত্রলীগ তুমি জাগ্রত জানোয়ার।,1
সোদানির পোলা,1
চারপুরের মানুষ এমন ব্রেন লেস হয় আগে জানা ছিল নাহ,1
মনের অজান্তেই চোখে পানি চলে আসছে,0
লাগাতে মন চাচ্ছে ,0
ধোন খ্যেসি,1
আবারও নতুন কাহিনি শুরু ,0
কুলাঙ্গার মহিলা,1
কোন কুত্তা পাশ থেকে বল্লো গুজব। ওর জন্ম নিয়ে জনগন সন্দেহ করতেছে।,1
সত্যি কথা আপু কিছু শাশুড়ীর কারনে সাজানো সংসার নষ্ট হয় আমিও ডিভোর্সি আপু,0
খুবই শিক্ষনীয় ভিডিও। এদের কথোপকথনে জাতি খুবই উপকৃত হলো ,0
ফালতু কুত্তা বান্দির মত লাগতাছে,1
চোরের দেশ ল্যাংটাদেশ,1
হে আল্লাহ ছেলেটাকে ভালো করিয়ে দাও ,0
"তোমাকে কেন হারাইলাম, তোমারে পাইয়া ও কেন পাইলাম না, এই কথাটা বুকে এসে বার বার আঘাত করে!",0
তুমি আরো পরকীয়া করবি,0
লুচ্ছার অন্ধ ভক্ত চারাল সিন্স,1
ফালতু,1
"উড়তেছি দেখতেছো, হাসতেছি ঐডাও দেখতেছো, ভিতরে যে পুরতাছে ঐডা তো দেখতেছো নাহ,",0
তোরে বাচাইয়া রাখল কেন। নিষিদ্ধ পল্লী তে তর জন্ম,1
সবই টুকাই,1
ওর নাম বেলাল না৷ ওর নাম বালাল,0
"হ্লার চোর, বাটপারি, দুর্নীতিবাজ,",1
বেহায়া,1
ওওও দারুণ দারুণ হেসে হেসে আমি শেষ,0
"দুর্নীতির টাকায় করা কুরবানি কবুল হবে না রে, বাঞ্চোত",1
"ওদের মত খাংকিদের জন্য আজ দেশেরএই অবস্থা,",1
বিচিতে একটা কামড় দিয়ে চান্দে পাঠাই দিলে তখন বুঝবা ব্যেক্তিগত কি আর একজনের,1
আমার বালের নেতা। বাল ছিড়োবাল হরিদাস পাল,1
আমি আপন মানুষকেও আমার দুঃসময়ে শত্রুর মতো আচরণ করতে দেখেছি ,0
ওর শখের নারী কয়টা সেটা বলেন,0
বেহায়ার চরম লেভেলে চলে গেছে শাওন,1
"তুমি শুধু আমার জীবনসঙ্গী নও, তুমি আমার জীবনের সবচেয়ে বড় অনুপ্রেরণা। ",0
ভাই কি জিনিস রে মাইরি,0
অপু  বিশ্বাস কে  নিয়ে ভিডিও  বানান ভাইয়া,0
ছিলো একজন কোনো বিরক্তি ছাড়াই ঘণ্টার পর ঘণ্টা পার হয়ে যেতো কথা বলতে বলতে,0
কিরে খাঙ্কির পোলা,1
এরকম কুলাঙ্গার মহিলাদের কে আইনের আওতায় আনা হোক,1
অসাধারণ আয়োজন ,0
খুব ই ভালো লাগলো ধন্যবাদ এত সুন্দর কিছু দেখতে পেয়ে,0
এই মিথ্যাবাদী ছেলেটার উপর আল্লাহর তরফ থেকে লানত নাজিল হোক।,1
এ খানকির পোলা হেতে তোর কি,1
মানবতার আজ কোথায়?,0
কুত্তা যদি হেতিরে দেখে কুত্তা সোনা খাড়া হবে না,0
পিচ্চিটা সেই সুন্দর,0
"কোথায় থেকে নিয়ে আসবো সেই ভাগ্য, যেটা তোমাকে আমার করে দিবে.",0
ওহে এডিট তুমি কদুকে দিয়েছো নতুন জীবন ,0
চরিত্র হীন জীবন কষ্টের,1
সুতমারানী।,1
নাটকটা আমিও দেখেছি অসাধারণ এবং বাস্তব ভিত্তিক।,0
এই মহিলা নারি জাতির কলংক একে দরে পুড়ে মেরে পেলা উচিত,1
"শালার পো দেশটা লুটেপুটে খেয়ে গিয়েছিস, সাথে দলেরও বারটা বাজিয়েছিস।",1
যত ভিআইপি আছে এদেরকে উচিত শিক্ষা দিতে হবে,0
ভীষণ ভালো লাগলো আপুনি! কয়েকবার দেখলাম একবার বসেই। জানি এরপর যখনই সামনে আসবে আবার দেখবো। আপনার সব নাচের ভিডিও যে কতবার দেখিছি হিসাব নেই। অনেক ভালোবাসা রইল আপু। আরো অনেক সুন্দর সুন্দর নাচ আমাদের উপহার দিবেন অপেক্ষায় রইলাম।,0
ও পতিতালয়ের মেডাম আপনার ভাইরাল ভিডিও কবে আসবে,1
"প্রেম বলে যেটা আছে, সেটা মিথ্যা এবং ক্ষণস্থায়ী; আর, ভালোবাসা বলে যেটা আছে, সেটা সত্য এবং দীর্ঘস্থায়ী।",0
অসাধারণ প্রতিভা ,0
খুব সুন্দর বাস্তব তুলে ধরেছেন। ধন্যবাদ ভাই,0
শুয়োরের বাচ্চা টাকা পাইলি কই,1
তরে ধইরা গু মাখা জুতা দিয়া পিটানো উচিত জামাই চুন্নি কাল নাগিনী।,1
কি বলবো আর তোমার সুরের কথা শুনলেই আমার গুজবাম হয় বলার ভাষা নেই সত্যি তোমার প্রত্যেকটা গান আমার অনেক অনেক ভালো লাগে এবং তুমিও মাশাআল্লাহ অনেক মিষ্টি একটা মেয়ে  ,0
"এই বেটারে চাইলে জয় হিসেবেও চালায় দেয়া যাবে,জাস্ট একটু কালা বানাইতে হইব",0
মানুষের টাকা মানুষকে দিতেছ এখানে দেখাইবা কি আছে এসব টাকা সব চুরির টাকা,1
বাদ দেন ভাই বেটি মানুষ ,0
দয়াকরে রাতে বেলা আইছেন না ,0
লায়লা শরির এর চাহিদা মিঠাইসে।আর মামুন লুচ্চায় টাকা কামাইসে।২টাই লাভবান আর সময় নিউজ এর পেটে ভাতের ব্যবস্থা হইছে।,1
কপি বাজ পরি ,1
সোনা না যে লাল টমেটো আসো একটু চুষি,0
গোপন জিনিস এত ছোট ,1
লাজ লজ্জা না থাকলে যা হয়,1
বেরজন্মার বাচ্চা।,1
কাকু যে পোতে লাগিয়ে বউকে এভাবে নাচাচ্ছেন কাকু নোবেল পাওয়ার যোগ্য।,0
তুমি একটা বেয়াদব মেয়ে,1
এই শালা সব নাম গুলাকে খাইয়ে দিল,1
উফ পাচায় লাগছে গ,1
জন্মের কোনো ঠিকানা নেয় ,1
বস্তির মেয়ে মানুষ,1
তুমি হেডার পুতেরে ফেইসবুক তুদেনা।,1
তুই একটা বেহায়া মেয়ে,1
এই জালিমের হাতে কেউ স্বাধীন না সেটা এই কুকুর টাও বুঝে গেছে,0
অভিভাবক না থাকলে যা হয় আর কি ছি,1
বিচার চাই নষ্ট পুরুষ আর নষ্ট নারীর কারাদণ্ড হোক এদের,1
তোমাদের মুখ ঢাকতে পুটকি দেখা যায় আর বড় বড় ডায়লগ দাও ফেসবুকে এসে,1
অতিরিক্ত মেধায় ছটপট করছে,0
লুচ্চা সালা,1
হারামীরা আবার দান সদকাও করে বাহ্ ঈমানদার হারামী,1
দুধের দোয়া তুলসি পাতা কুত্তার বাচ্চারা,1
অনলাইন ফেলাটা ফ্রর্মটারে বস্তি বানাই ফেলছে,1
"লাইসেন্স নিলো, এর পর আঙ্গুল দিবে।",0
অনেক সুন্দর হয়েছে দেখতে,0
এগুন সু দানির পূত,1
ফালতু বেডি বুরি,1
এরা হিংস্র জানোয়ারের চাইতেও জঘন্য,1
আজ অনেক দিন হলো সে আমার সাথে কথা বলে না. অনেক মিস করি কিন্তু কথা বলতে পারি না,0
"সবাই সুন্দর, কিন্তু কুদ্দুসি একটু বেশি সুন্দর ",0
আপু এর চাইতে আপনার উলঙ্গ ছবি আপলোড দিতেন,1
সঠিক উওর দিছে ভাইয়া,0
কেউ বুঝবে না একটা মেয়ে ছেলের কন্ঠে কথা বলতেছে ,0
এ বেটিকে দেশ থেকে বের করে দেওয়া ওচিত মাগি শালিকে,1
হলুদ সাংবাদিক খানকির পোলারা খারাপ ,1
এই কাজ যারা করতে পারে তাদের চোর বললেও ভুল হবে,1
একটা বেজন্মা,1
এখন ৮০% শিক্ষার হয়ে কি লাভ হলো ২০%নের চেয়ে অযোগ্য কাজ করলো।,0
অপু বিশ্বাস না বেহায়া বিশ্বাস নত্তি কি ফালতু বিশ্বাস ভারতীয় নর্ত্যেগে বিধর্মী,1
হাঁচি দিতে গেলেও যে কাপড় খুলতে হয় আগে জানতাম না,0
খানকির পোলা ভিডিও না কইরা আটকানো উচিত ছিল তোর,1
সেটের বাল রনি সেও নেতা হয়ে গেছে না আমার চ্যাটের বাল,1
তোমার তাহলে তো বাল একটাও কাঁচা নেই,1
এদের এই বয়সেই এতো রস আমার কচি বয়সেই নাই দেখেও হিংসা হয় ,0
কাউওয়ার ডাকে সারা দিয়েছে কুত্তালীগ,1
হিরো আলমের গার্লফ্রেন্ড টা খুব সুন্দর ,0
খানকির বাচ্চা নাকি মেধাবী স্টুডেন্ট,1
তার মানি সাকিবের চোখ সাবিলা দিকে গেছে আহ্ দুঃখ হচ্ছে মেয়েটারে খেয়ে ছেড়ে দিবো,0
এই মেয়ে তুমি এত বেয়াদব কেন,1
তুমি লুচ্চামি করবা আর আমরা বললেই দোষ,1
ভারত যদি মুতে দেয় না তাইলে তুই ভেসে যাবি গা ,1
এটা ভোদা নাকি গুহা,1
চোরের মার বড় গলা। বাটপার আবার মোটিভেশনাল বক্তা। শয়তান।,1
এই মাইয়্যার তো অনেক টেলেন্ট রে ভাই ,0
এতদিন শুনে আসছি মেয়েরা ১২বাতারি,1
ফালতু মহিলা ,1
ওরে বাটপার,1
রাতে বুড়া বুড়া বেডার সাথে এক ঘরে রাত কাটাও আবার বল পরকিয়া কি তুমি বুজনা,1
তরা তো ফকিন্নির বাচ্চা,1
এখানে ন্যায়ের সাথে অন্যায় করা হচ্ছে ,1
"যখন কথার আঘাত রুহ অব্দি পৌঁছায়, তখন মানুষ রাগ না করে চুপ হয়ে যায়!",0
ওর ধোন কেটে দিয়েছে,1
মেয়েদের কলা খাইতে হয় বেশি করে।,0
এই ফোন তোর পুটকির ভিতর ঢুকায় দিবো মাদারচোদ,1
এতোদিন শতশত নিরীহ শিক্ষার্থীদের পাখির মতো গুলি করে হত্যা করা হয়েছে তখন তো মুখ দিয়ে একটা কথাও বের হয় নাই,0
ফালতু গল্প যোগ করছে দিন দিন,0
বাল ছিঁড়ে আঁটি বাঁধ। পিনাকী ভট্টাচাৰ্য কে জিজ্ঞেস কর আসল সত্য কোনটা।,1
মাদারচুদ সবটা শুনতে দে,1
দেশের কুসন্তান দালাল,1
নেতারে নেতা মার হেডা ,1
এই বাংলার মাটিতে তাদের কঠোর বিচার হবে ইনশাল্লাহ,0
"চোরের সন্তান, থু।",1
দুই জনের হাসিই প্রায় একই,0
যার হারায় সেই বুঝে হারানো কষ্ট,0
এমন নাচুনী জামাই কোথায় পাবো,0
"খুব সুন্দর একটা ভিডিও, শিক্ষানূলক ভিডিও  ",0
তাঁর আব্বা আম্মা কেমনে আছে,0
হাত মারবো আরেকটু খোলো না ঢুকিয়ে দিই,0
ধার্মিকরা বাটপার হয় না।,0
পরিবারের দুই একজন মানুষ ছাড়া কেউ থাকে না!,0
এর মতন আর খানকিমাগী নেই,1
ভেবেছিলাম কিছুই হবে না এখন দেখি নিঃশ্বাস নিতে কষ্ট হয় হুট করেই বুকের বা পাশে ব্যাথা হয়-কারণে অকারণে কান্না পায় রাত ফুরোয় না তবুও বছর ফুরিয়ে যায় এভাবেই আমার দিন রাত চলে যায়!,0
এদের ব্যবহারে জাতি আজ লজ্জিত।,0
আপু শাকিব খান এর মত নায়ক দের জন্য সমাজ টা নষ্ট হচ্ছে।,1
তোর মারে পোন্দাই,1
বোরকার পরে মেয়ে বলছে কথা সালারা লুচ্চা সাংবাদিক,1
২ বাটপার কই যায়,1
প্রতীক্ষা এক নীরব যন্ত্রনা ,0
এক বছরের ভালোবাসা ভুলে অন্য কাউকে নিয়ে সুখে আছে ,0
ভাই অসাধারণ হইছে অসাধারণ আমাদের বাড়িও বরিশাল ভাই,0
"সব থেকে ছোট টা, সব থেকে বেশি সুন্দর আমার কাছে লাগের।",0
একজন বুদ্ধিমান মানুষ এভাবে টোল করে নিজে ছোট হওয়ার কোন মানে হয় না,0
তোগোরে ফাঁসিতে লটকাইয়া চুদমু,1
ওরা আসলে জারজ মেয়ে,1
এখানে কি আবাল আছে আপনাকে গালি দিচ্ছে।,1
টাকা থাকলে পুরুষ জদি বুড়াও হয় বালো মাল বিয়া করতে পারে।,0
ছিঃ পরিবার কত টা খারাপ হলে বাচ্চাকে খারাপ কথা শিখায় ,1
তোর মার ভাতার এইটা মাদার চোদ এর ভিডিও টা পুলিশ এ দেয়া দরকার,1
চেহারার মধ্যে বাসে দৌলোদিয়া পল্লীর মেয়ে। ,0
সারাটা জীবন তোমার হাত ধরে কাটাতে চাই প্রিয় ,0
দূর ফালতুর বাচ্চা,1
এই মাদরচোদকে খুজে বাহির করে শাস্তি দেওয়া হোক৷,1
গেলো রে গেলো তোর ভাতার।,0
আরে রে রে আমার শরীর জলতাছেরে ইরারে দেইখা।,0
কুত্তা লীগের সর্দার,1
বেজরমার বংশধর ,1
ভিডিও টার লাস্ট টা তো অসাধারণ ছিলো ,0
অনেকদিন পরে খুব মজা পেলাম।,0
সালা ভন্ড ও কিসের কাজ করবে,1
কতটা অসহায় কথা গুলো!,0
"সালারপুতের প্রতিভা আছে,",1
মাজার ভাঙচুরকারীদের দ্রুত আইনের আওতায় আনার জোর দাবি জানাই।,0
টুনটুনি আছে ,1
এই বৌ হচ্ছে পাপের ফসল।,1
লোভে পাপ পাপে প্রেগনেন্ট,0
১৫ লাখ টাকার ছাগল কি তাহলে আপনি কিনছেন ,0
"আসলেই ভালোবাসা সুন্দর,",0
নেংটা পাগলি,1
ভাই লুচ্চার ব্যাটা সরকারের দায়িত্ব আছে,1
"পরিবার থেকে শিক্ষা, এদের মা-বাপ কে গালি দেওয়া উচিত, ",0
"অসাধারণ গায়কী। কি মিষ্টি গলা তোমার! খুব অল্প দিন তোমার গান শুনছি কিন্তু এই সময়ের মধ্যে তোমার গান আমার অন্তর স্পর্শ করেছে। পুরনো দিনের গান তুমি কি অবলীলায় গাও, যেমনি তোমার সুর তেমনি বাচনভঙ্গি। হৃদয়ে দোলা দিয়ে যায়। এই বয়সেই তুমি আমাদের মত সঙ্গীত প্রিয় মানুষের মন জয় করেছ তোমার মিষ্টি সুরের মূর্ছনায়। অনেক বড় শিল্পী তুমি। তোমার জন্য অনেক অনেক শুভেচ্ছা রইলো।",0
চলুন সবাই সবার পাশে থেকে সামনের দিকে এগিয়ে যাই ,0
হালায় যে হারে বিড়ি খায় ও আবার নায়ক হবো,0
ছেড়ে যাইবা যদি ভালো ক্যানো বাস শিলা   ,0
বাইনচোদ ,1
"অবশেষে কিছুই থাকলো না মুগ্ধ করা চাঁদ, প্রিয় ফুল, প্রিয় বন্ধু, এমনকি তুমিও না!",0
ছাত্রলীগের বাবা নেই মা আছে কিন্তু সেই মায়ের অনেক গুলো ভাতার আছে তাই ছাত্রলীগ রাস্তায় জন্ম নিয়েছে তাদের কোন পৃতি পরিচয় নাই,1
শীত শেষ এখন অফার প্রাইস দিয়ে দেন  নাহলে ঘরে উঠায় রাখেন,0
এদের মুখ দেখলে এখন মনের ভিতর শুধু গালাগালি আসে,1
আমিও এমন পরিস্থিতিতে ছিলাম কিন্তু ছেড়ে চলে আসছি,0
"হোতে হবে দুর্গা, বধ করতে হবে অসুর। সে যেই হোক।",0
গাঁজাখুরি পরিসংখ্যান কি করে দেয় বুঝতে পারি না!,1
শেষ কথা গুলো সে-ই,0
ওই বিটিরে কী ধর্ষণ করা লাগে নাকি? ও তো নিজই ঢইলা খুইলা পরে যায়,1
"অসাধারণ গায়কী, তোমার গানের কি প্রশংসা করব, এতটুকু বলতে পারি তোমার গান শোনার পর মন টা ভালো হয়ে যায়  শুভ কামনা রইল.",0
সবকিছুর বিনিময়ে তাকে চাইছিলাম সে থাকতে চায়নি তাই ধরে রাখতে ও পারিনি,0
একজন। তোমারে দিয়ে দুইজন বানাব। বিগত এক ঘন্টা ধরে চুদতেছি। কেউ চুদাতে চাইলে ইনবক্সে আসো।,1
শরীর প্রদর্শন করে তোরা কি পাস?,0
"বোকাচোদা ছেলে, গাল দিচ্ছি।",1
নষ্টতালা নষ্ট নারী যেকোনো চাবি বিয়ে করবে।,1
চাকরানী ছিলো,0
তার মানে কবিরা ডায়নোসর  চিলো,0
মাদারচুত নাটক করো নডিরে বিয়ে কইরে ডং চোদাও বানচুত বিখ্যা করে খায় কাপুরুষ সালা,1
সোনাগাজীর দল,0
শেষ পযন্ত ধর্ম বেইচা দিলি টাকার জন।,0
তুই বাল পাকনামি করিয়া নষ্ট কেন করছ কুকুর,1
কালকের ছেলের ,0
এই চরিত্রহীন মহিলা,1
২ ইঞ্চি গর্তো কে বললো? আমার ৮ ইঞ্চি লাগে ,1
এই মাদার চুদের কি কুন ফেমিলি নাই,1
"বারো ভাতারি মাগির গো এরকম চুল কায়,",1
"তুমি আমার জীবনের সেই অধ্যায়, যাকে আমি আকরে ধরে বাঁচতে চাই সারাজীবন",0
"রাকিব ভাইদের ভিডিও গুলো সত্যি অসাধারণ,",0
কুত্তা লিগ আর পুলিশের মা রে চুদি,1
নিযে একটা নষ্ট মেয়ে,1
বাবা খোর হাতে বেলেট দিয়ে কেটে কি অবস্থা করছে,0
এগুলো নষ্টামি আর কিছুই না।,1
বালের ভিডিও,1
হুম কযজনে ভাবে এই কথা যদি ভাবতো তাহলে কষ্ট দিতো না,0
জয় বাংলা ধর্ষক লীগ জয় লেংটা লীগ,1
এত ভালবাসে বলে নুনু নাই শিখা খেয়ে ফেলছে,0
একজন ছাত্রদলের কর্মী হিসেবে ব্যাপারটা খুবই দুঃখজনক তবে ঘটনার সঠিক তদন্ত করে দুই নেতাকে বহিষ্কার করা উচিত ছিল।,0
লে বেডা মানুষ,0
রোডেনালদো পুদ মেরে দিলাম,1
এত কিছু করতে পারিনি তবে নিজের ইনকামের টাকায় মাকে একদিন রেস্টুরেন্টে নিয়া গেছি,0
তন্নি একটা ফালতু মহিলা এই মহিলার কি বুঝবে বুড়ো বেটার বউ,1
চাচা ভাতিজা মানে মাদারচোত,1
দেখা যাক কয়দিন আপন থাকে। এদের বিন্দুমাত্র লজ্জা নাই।,1
তোদের বিরুদ্ধে ব্যবস্থা নেওয়া হবে অন্যজনের নামে আইডি চালাস,0
এই বাল চাল পুলাপান কেমন মা বাবা জন্ম দিছে,1
এক খাট প্রতিদিন কাপায় না,0
কাকার কি আর দুদু খাবার বয়স রয়েছে,0
যেমন কুকুর তেমন মুগুর ,1
ফেব্রুয়ারি বাদ দেয়া হোক ,0
বোকাচোদা ভক্ত,1
ঈমানদার চোরা চাচার জন্য জাহান্নাম নিশ্চিত হোক ,1
বুনি টা আমার পাগল হয়ে যাবে,0
এত কিছু ভাবার টাইম নাই বাম ভোলা খানকির পোলা উইড়া যা মাঙ্গের পোলা  ,1
আমার বাবার পরে আমার বড় ভাই কে পেয়েছিলাম তাই ত বড় ভাই কে অনেক ভালোবাসি।,0
হালার হালা তোরে ঘুরাইয়া দেব,1
যার হাত ধরলে আমার জীবনে শান্তি মিলে সেই মানুষ টা আমার জীবনে সারাজীবন থেকে যাক!,0
মেনশন দিয়া আর লজ্জা দিতাম না ,0
সবার আগে এইসব দালালী চাটুকার দের আগে শান্তি দেয়া উচিত,1
কুত্তার বাচ্চা ,1
নারী কে সবচেয়ে বেশি কষ্ট দেয় তার শখের পুরুষ ,0
অসাধারণ একটা ভিডিও ,0
চমৎকার একটি ভিডিও দেখলাম ধন্যবাদ,0
বস্তির মহিলা,1
তোর লুচ্চা স্বামীর গায়ে পা না তুলে গলার উপর তুলে দিস আরো বেশি সুন্নত পাবি খাচ্চুনি,1
একজন দারুন অভিনেতা,0
বেয়াদব মেয়ে,1
যাতে বুঝতে পারেন কেন ভালোবাসা উচিত নয়,0
পাগলের সুখ মনে মনে,0
উলঙ্গ হয়ে থাকলে সব চাইতে ভালো হয় তোর জন্য খানকি,1
রাস্তা থেকে জন্ম নেয়া আরেক মাগী সুদা,1
আসমানি ভাবি আর মগা তো বাহ অনেক সুন্দর বাহ বাহ বাহ পোস্ট দাতাকে নোবেল দেও কেও,0
ছেলেরা এগুলো বুজেই না খালি শুধু ডুকানো চিন্তা করে,1
৮ ইন্সি দিয়ে ১ ঘন্টা ডগি স্টাইলে ঠাপাতে পারলেই তুমি আসল পুরুষ,1
এই দেশের থেকে আর কি আশা করা যায়,1
শাউয়ার গান,1
এই সালাগো টিকেট কে দিছে,1
এটা তো পুরাই নোংরামির ডিব্বা,1
চমৎকার হয়েছে রান্না,0
"পুরুষ ধ্বংসের মূল অস্ত্র তার ধোন, বারবার প্রমানিত।",1
উফ বুকের ডেউ রাতের ঘুম কারে ,1
যদি বিক্রি করতে চান তাহলে আমাকে ইনবক্সে নক করেন,0
জঘণ্য মহিলা,1
রুনা খান আবার যৌবন ফিরে পেয়েছে,0
নিজের কপালে নিজে কুরাল মারতেছিস বেয়াদব।,1
"দেশের সেরা লিজেন্ড, জাতীয় পুরষ্কার দেওয়া উচিত। ",0
"ছিঃ ছিঃ ছিঃ অনেক খারাপ মহিলা কোরআন হাদিস মানেনা,সামিকে কথা বলার সুযোগ দিয়ে না। বেশরম মহিলা।",1
জুতা টা কই রে,0
তাহলে তুমি কি তার কাজে মেয়ে ছিলো ডায়নি একটা মেয়ে,1
এই শালী হাসের বাচ্চা,1
বাচ্চা পোলাপান দিয়ে পুটকি মারানো হোক চাচারে নটির পোলায় খুব বারছাল,1
ড্রাইভার এর পোলা ইন্ডিপেন্ডেন্ট ইউভার্সিটিতে পরছে ভাবা যায় এইগুলা!,0
"সব অপরাধ করেছে হাসিনা, করলে হাসিনা কে নিয়ে ট্রল করো।",0
বুড়া বেটি ছিল তাই তুই ভাইরাল ,0
"যোগাযোগ বিচ্ছিন্ন হতে পারে, সম্পর্ক বিচ্ছিন্ন হতে পারে, তবুও ভালোবাসা থেকে যাবে। হয়তো আক্ষেপে নয়তো অপেক্ষায়।",0
সালা বোকা চোদা,1
দূর চোদানির পোয়া ,1
ভাইরে ভাই আমি হাসতে হাসতে শেষবেস্ট বেস্ট  অনেক মজা পাইসি,0
"হট হচ্ছে বুবলি, সাকিবের থেকে বাচ্চা নিয়ে সাকিব কে বাপ বানিয়ে দিলো",1
এবার কি করবে বরবাদ হবে না পালাবে,0
একেবারে বাস্তবিক নাটক টা,0
"ছোট সময় থেকে এক সাথে বড় হইছি একটার দুইটা চকলেট কিনলে দুইজন ভাগ কর খেতাম স্কুলে দুজনে কঠিন মারামারি করলেও বাড়িতে আসলে সেই আগের মতোই চলতাম মনে হতো কিছু হইনাই কিন্তু দেখ আজ কতটা বছর তুই আমাদের মাজে নাই ,শেষ দেখাটাও দেখতে পারি নাই আল্লাহ তোকে জান্নাত নসিব করুক",0
"আমার ভাই আমার ১৩ বছরের ছোট, অসম্ভব ভালোবাসি, পড়াশোনা জন্য দূরে থাকা হয়। বাসায় গেলে সারাক্ষণ আমার সাথে থাকে। আমার জিবনে বড়ো উপহার আমার ভাই ",0
"আগে দ্যাশে আয়, খানকির পোলা।",1
পুটকি তো কালো থাকে ভাই কিন্তু এটা তো লাল ,1
"জান নিজের একটু খেয়াল নেবে, যত্ন নিও, কারণ শরীরটা তোমার হলেও তুমি মানুষটা কিন্তু শুধু আমার, তোমার কিছু হলে আমি অনেক কষ্ট পাবো বুঝলা",0
ভাই লিংগো টা ও কি আলাদা?,0
নষ্ট মহিলা,1
এক নম্বর মুনাফিক ,1
তাহলেতো তোমরা জারজ সন্তান ,1
সেনাবাহিনীর সাথে যা করলো এটি নজিরবিহীন সে বাঁচতে গিয়ে ক্ষমা চাইতেছে তাকে আইনের আওতায় আনা হউক।,0
সত্যি সাদ্দাম মালের লাষ্ট কথা গুলো কলিজায় লাগার মতো বলছে,0
"খুবই চমৎকার আপনার ভিডিও এবং পোস্টগুলি, শুধুমাত্র আপনার কাছেই এত সুন্দর ভিডিও এবং পোস্টগুলি আশা করা যায়, আপনার জন্য দোয়া ও ভালোবাসা, দোয়া করি আরও সামনের দিকে এগিয়ে যান ",0
ভাই অনেক সুন্দর ভিডিও দেখে হাসতে হাসতে পেট ব্যাথা ,0
দারুন হয়েছে ভাই তার মুখে এতো ভিজিট ,0
গান টা শুনে ইমোশনাল হয়ে গেলাম ,0
জানোয়ারের বাচ্চারা ,1
এটা ধোন নাকি তালগাছ ,1
তর দাদারে হাসিনার কাছে বন্ধক রাখ কোটা দিবে,0
কোন জাতি তোমরা? কেমন বংশের মেয়ে তোমরা? কি যোগ্যতা তোমাদের?,0
"মেয়ের তো চট করে বন্ধুত্ব হবেই মা ১২ ভাতারী, মেয়ে তো তার কিছু গুণ পাবেই.",1
"সবার চিল্লা চিল্লি শুনে মনে হয় ধুর বলেই দেই, সেই মুহূর্তে মনে হয় এখন বললে তারাতাড়ি হয়ে যাবে আর একটু পরেই বলি হাহা",0
মালটাকে তো ভালোই লাগে।,0
পানি ডোকেছে মিথ্যা বাদী সয়তান,1
"ড্রাইভার যাচ্ছে বিদেশে, চুদানির পোলা বলে কি?",1
লুচ্চা বিচার করবে কে নিজের ছেলে,1
"আলহামদুলিল্লাহ, অনেক ভালো একটা সিদ্ধান্ত।",0
কুকুরে থে ভোদা চুদা থদেকে হাকি পোলারা,1
বাহ দারুন হয়েছে ভিডিওটা। আমিও সব বুঝতে পারি ,0
পেন্ট খুলে দেখালে ভোলো হতো ,1
পাঠার বিচি ,0
শালা লুচ্চা,1
মায়ের মত এই দুনিয়ায় কেউ করে না আদর করে না এই দুনিয়াতে মায়ের হল সেরা লাভ ইউ মা ,0
মেয়ে মানুষের ১৬ কলা,0
"এ দেশ চালায়ছে কেমনে, মাথায় গু আছে",1
ভালোবাসা সুন্দর যদি মানুষ টা সঠিক হয় প্রতিটি মেয়ে চায় তার বাবার মতো যত্নশীল একজন জীবনসঙ্গী তার লাইফে আসুক ,0
লর্ড বাবার লজ্জা বলতে কিছু নাই তার ,1
নিপুণের পাচার মধ্যে লাথি মেরে এফডিসি থেকে বাহির করে দেওয়া দরকার,1
কুত্তার বাচ্চা ,0
ওতার মারবেল দুইটা কাটিয়া রাখি লাইতো আছিল। নটির পুয়াইত্নে দেশ ধ্বংস করিলাইরা,1
যতোই বলি গরুর চোখ কিন্তু তোর চোখটাই মায়াবী,0
না জানি কোন ফালতু ধর্মের লোক এরা ,1
তুই মরে যাস নাহ কেন?,1
"অপুর পায়ের চটি চেটে সাদা করে ফেলেছে, এই ব্যক্তি।বুবলি একজন শিক্ষিত মানুষ, তার মুখের ভাষা কখনোই এমন নয়।",0
"সব কথায় ফট ফট উওর, অথচ বউদের কথা কথা বললে কিছু জানে না",0
তোর আবেভাগ কয়টা দালাল শালার ঘরের শালা ,1
এক নম্বর বোকাচোদা,1
ভদ্র শয়তান নায়ক ,1
এদেরকে বিচারের আওতায় আনা দরকার,0
বোকাচোদারা সবকিছু নিয়া মজা করে ভিউয়ের জন্য,1
"চুদে দিছে বাংলাদেশ কে, এমন সমন্বয়েকের মায়রে চুদি",1
আপনার ভিডিও গুলো খুব সুন্দর হয়েছে আপু অনেক ভালো,0
তুই চোর আগেই মরলে ভালো হত।,0
এই সমস্ত নোংরা নাটক বন্ধ করে দেওয়া উচিত ,1
লোভী ছোট লোক।,1
ভাত পাইনা খাইতে। কক্সবাজার যায় চুদাইতে।,1
তাজা লাশের গন্ধ নাকের ডগায় রেখে ৫০ বছর আগের শোক পালন করা বিবেকহীনতা ছাড়া কিছুই না।,0
যে খারাপ সে তো চলে গেছে ভালোবাসার আগেই চোরের খনি গর্তে থেকে বেরিয়ে পড়ছে চুরি করছে লুটপাট ঘরবাড়ি জ্বালিয়ে দিচ্ছে এরা কারা এটা কোন চোর,1
পরি মনি সাইজ মেপে দেখাচ্ছে তোর থেকে আমারটা বড়,0
বিয়াদব একটা মেয়ে,1
আমি আর একা হাসতে পারছিনা কেউ আমার সাথে হাসবে প্লিজ,0
এই পাগলাচোদার লগে এতো গুলো কেমনে কি,1
"মনকে সর্বদা শক্তিশালী করে রাখা যায় না, মাঝে মাঝে নিভৃতে একাকী থাকারও প্রয়োজন; নিজের কান্না গুলির বহিঃপ্রকাশের জন্য।",0
সবাই এমন করে জোরে দে জোরে দে,0
আশেপাশের খানকির পোলারা কি দেখে,1
তারা এসব কাজে মজা পাচ্ছে আর পাবলিক মজা নিচ্ছে,0
সাওয়া ঘেমে গেছে দেহি,0
সামর্থ্য নাই সাধ্যের মধ্যে যতটুকু নিজে থেকে চেষ্টা করিমানুষটা ৫ বছর সংসারে বলে নাই আমারে এটা কিনে দেন ,0
সৃষ্টির সেরা জীব কী আমরা এখনো বাস্তবিক অর্থে হতে পেরেছি?,0
এই মুহূর্ত টা সেই মজার,0
স্বপ্নটা আকাশ ছোঁয়ার যেতে হবে বহু দূর,0
হাহাহা এটাই বাস্তব ,0
কেবল তুমি গুছিয়ে দিবে বলে আমি অগোছালো হয়ে যাব আবার! ,0
ওবাইদুল কাদের নামে কোন গুরু নাই।,0
ওর মত বেয়াদবের ধারা সবকিছুই সম্ভব। ,1
"আমার যে মা ছাড়া আর কেউ নেই, ১৯ বছর আগে বাবা কে হারালাম",0
তারা আমার সাথে যুক্ত হয়ে যাও ,0
এত সুন্দর একটা সংসার রেখে কুত্তার বাচ্চা এমন টা কেন করছে,0
গরমে উফ বললেই তো আউট,0
যেমন কর্ম তেমন ফল,0
কুকুররের সাথে তুলনা করলে কুকুর কে অসম্মান করা হয় এদের কারো সাথে তুলনা করা যায় না নিকৃষ্ট,1
সালা লুচ্চা,1
তোর অবস্থা হাহাহ,0
এইগুলার ভালোবাসা বাসি ছাড়া আর কোনো কাম নাই! নির্লজ্জ বেহায়া গুলা!,1
এই নাটকটা আরো একজন করছিল কেউ বলতে পারবেন তার নাম থাক আমি বলে দেই নাফাইসা নিশা ,0
ছেলেদের ধন খাড়া করতে ,1
আলহামদুলিল্লাহ অগ্নিকন্যা ,0
শিশুদের খাদ্য ঢেকে রাখা উচিত,0
তুই তো লুচ্চা তোর কাছে তো ভালো লাগবেই,1
সব আওয়ামী লীগের দালাল।,1
চলছে গাড়ি যাত্রাবাড়ী ,0
তোর বোইন তো তোর মতন শিক্ষা লাভ করেনাই,0
হাহা খুব সুন্দর অসাধারণ ভালো লাগলো,0
জাতির লুচ্চা জামাই নাজিম,1
মেধাবী মাল,0
পম পম ,1
হালারপুত চ্যানেল আর হারে হারামজাদা উপস্থাপক।,1
বেজন্মা কুত্তার বাচ্চা জন্ম ঠিক নাই,1
আইই সালা শুয়ারের বাচ্চা একটা ,1
বুড়ির দম আছে বলতে হবে,0
এই চুর গুলো তো দেশেই রয়ে গেল আহ জাতি অচিরেই বুজতে পারবে কি হারিয়েছে,0
সত্যি অসাধারণ! ৫০০ টাকা দিয়ে ৭০০০ টাকা পেয়েছি।,0
তুমি কি চুদে দেবে,1
চুদা মানুষ এ ভালোই খাও মাদারবোর্ড,1
ঠিক আছে একেবারে ,0
থুথু দিয়ে শুভেচ্ছা জানালাম তোদের এই স্বাধীনতা কে।,1
"নিজের মায়ের কষ্টের কারণ হয়ে দাঁড়িয়েছি, মায়ের মুখে আমার মৃত্যুর কথা শুনেছি, একটা মেয়ে হয়ে এর থেকে বড় পাওয়া আর কি হতে পারে ",0
"তুই ব্যাটা চোর,দূর্নীতিবাজ।",1
বাংলা রেমিটেন্স যোদ্ধা ,0
চুদানির সমন্বয়ক,1
তদের এতো চুলকায় কেন,0
চোখ দুটো একসাথে করলে মাঝখানে যে ছিদ্র হয় ওটাই বুঝাইছে আর কি ,0
এই শালী বেহায়া,1
